Page Count, Touch Count, Fault Count, Extra Faults
4096, 0, 0, 0
4096, 1, 1, 0
4096, 2, 2, 0
4096, 3, 3, 0
4096, 4, 4, 0
4096, 5, 5, 0
4096, 6, 6, 0
4096, 7, 7, 0
4096, 8, 8, 0
4096, 9, 9, 0
4096, 10, 10, 0
4096, 11, 11, 0
4096, 12, 12, 0
4096, 13, 13, 0
4096, 14, 14, 0
4096, 15, 15, 0
4096, 16, 16, 0
4096, 17, 17, 0
4096, 18, 18, 0
4096, 19, 19, 0
4096, 20, 20, 0
4096, 21, 21, 0
4096, 22, 22, 0
4096, 23, 23, 0
4096, 24, 24, 0
4096, 25, 25, 0
4096, 26, 26, 0
4096, 27, 27, 0
4096, 28, 28, 0
4096, 29, 29, 0
4096, 30, 30, 0
4096, 31, 31, 0
4096, 32, 32, 0
4096, 33, 33, 0
4096, 34, 34, 0
4096, 35, 35, 0
4096, 36, 36, 0
4096, 37, 37, 0
4096, 38, 38, 0
4096, 39, 39, 0
4096, 40, 40, 0
4096, 41, 41, 0
4096, 42, 42, 0
4096, 43, 43, 0
4096, 44, 44, 0
4096, 45, 45, 0
4096, 46, 46, 0
4096, 47, 47, 0
4096, 48, 48, 0
4096, 49, 49, 0
4096, 50, 50, 0
4096, 51, 51, 0
4096, 52, 52, 0
4096, 53, 53, 0
4096, 54, 54, 0
4096, 55, 55, 0
4096, 56, 56, 0
4096, 57, 57, 0
4096, 58, 58, 0
4096, 59, 59, 0
4096, 60, 60, 0
4096, 61, 61, 0
4096, 62, 62, 0
4096, 63, 63, 0
4096, 64, 64, 0
4096, 65, 65, 0
4096, 66, 66, 0
4096, 67, 67, 0
4096, 68, 68, 0
4096, 69, 69, 0
4096, 70, 70, 0
4096, 71, 71, 0
4096, 72, 72, 0
4096, 73, 73, 0
4096, 74, 74, 0
4096, 75, 75, 0
4096, 76, 76, 0
4096, 77, 77, 0
4096, 78, 78, 0
4096, 79, 79, 0
4096, 80, 80, 0
4096, 81, 81, 0
4096, 82, 82, 0
4096, 83, 83, 0
4096, 84, 84, 0
4096, 85, 85, 0
4096, 86, 86, 0
4096, 87, 87, 0
4096, 88, 88, 0
4096, 89, 89, 0
4096, 90, 90, 0
4096, 91, 91, 0
4096, 92, 92, 0
4096, 93, 93, 0
4096, 94, 94, 0
4096, 95, 95, 0
4096, 96, 96, 0
4096, 97, 97, 0
4096, 98, 98, 0
4096, 99, 99, 0
4096, 100, 100, 0
4096, 101, 101, 0
4096, 102, 102, 0
4096, 103, 103, 0
4096, 104, 104, 0
4096, 105, 105, 0
4096, 106, 106, 0
4096, 107, 107, 0
4096, 108, 108, 0
4096, 109, 109, 0
4096, 110, 110, 0
4096, 111, 111, 0
4096, 112, 112, 0
4096, 113, 113, 0
4096, 114, 114, 0
4096, 115, 115, 0
4096, 116, 116, 0
4096, 117, 117, 0
4096, 118, 118, 0
4096, 119, 119, 0
4096, 120, 120, 0
4096, 121, 121, 0
4096, 122, 122, 0
4096, 123, 123, 0
4096, 124, 124, 0
4096, 125, 125, 0
4096, 126, 126, 0
4096, 127, 127, 0
4096, 128, 128, 0
4096, 129, 129, 0
4096, 130, 130, 0
4096, 131, 131, 0
4096, 132, 132, 0
4096, 133, 133, 0
4096, 134, 134, 0
4096, 135, 135, 0
4096, 136, 136, 0
4096, 137, 137, 0
4096, 138, 138, 0
4096, 139, 139, 0
4096, 140, 140, 0
4096, 141, 141, 0
4096, 142, 142, 0
4096, 143, 143, 0
4096, 144, 144, 0
4096, 145, 145, 0
4096, 146, 146, 0
4096, 147, 147, 0
4096, 148, 148, 0
4096, 149, 149, 0
4096, 150, 150, 0
4096, 151, 151, 0
4096, 152, 152, 0
4096, 153, 153, 0
4096, 154, 154, 0
4096, 155, 155, 0
4096, 156, 156, 0
4096, 157, 157, 0
4096, 158, 158, 0
4096, 159, 159, 0
4096, 160, 160, 0
4096, 161, 161, 0
4096, 162, 162, 0
4096, 163, 163, 0
4096, 164, 164, 0
4096, 165, 165, 0
4096, 166, 166, 0
4096, 167, 167, 0
4096, 168, 168, 0
4096, 169, 169, 0
4096, 170, 170, 0
4096, 171, 171, 0
4096, 172, 172, 0
4096, 173, 173, 0
4096, 174, 174, 0
4096, 175, 175, 0
4096, 176, 176, 0
4096, 177, 177, 0
4096, 178, 178, 0
4096, 179, 179, 0
4096, 180, 180, 0
4096, 181, 181, 0
4096, 182, 182, 0
4096, 183, 183, 0
4096, 184, 184, 0
4096, 185, 185, 0
4096, 186, 186, 0
4096, 187, 187, 0
4096, 188, 188, 0
4096, 189, 189, 0
4096, 190, 190, 0
4096, 191, 191, 0
4096, 192, 192, 0
4096, 193, 193, 0
4096, 194, 194, 0
4096, 195, 195, 0
4096, 196, 196, 0
4096, 197, 197, 0
4096, 198, 198, 0
4096, 199, 199, 0
4096, 200, 200, 0
4096, 201, 201, 0
4096, 202, 202, 0
4096, 203, 203, 0
4096, 204, 204, 0
4096, 205, 205, 0
4096, 206, 206, 0
4096, 207, 207, 0
4096, 208, 208, 0
4096, 209, 209, 0
4096, 210, 210, 0
4096, 211, 211, 0
4096, 212, 212, 0
4096, 213, 213, 0
4096, 214, 214, 0
4096, 215, 215, 0
4096, 216, 216, 0
4096, 217, 217, 0
4096, 218, 218, 0
4096, 219, 219, 0
4096, 220, 220, 0
4096, 221, 221, 0
4096, 222, 222, 0
4096, 223, 223, 0
4096, 224, 224, 0
4096, 225, 225, 0
4096, 226, 226, 0
4096, 227, 227, 0
4096, 228, 228, 0
4096, 229, 229, 0
4096, 230, 230, 0
4096, 231, 231, 0
4096, 232, 232, 0
4096, 233, 233, 0
4096, 234, 234, 0
4096, 235, 235, 0
4096, 236, 236, 0
4096, 237, 237, 0
4096, 238, 238, 0
4096, 239, 239, 0
4096, 240, 240, 0
4096, 241, 241, 0
4096, 242, 242, 0
4096, 243, 243, 0
4096, 244, 244, 0
4096, 245, 245, 0
4096, 246, 246, 0
4096, 247, 247, 0
4096, 248, 248, 0
4096, 249, 249, 0
4096, 250, 250, 0
4096, 251, 251, 0
4096, 252, 252, 0
4096, 253, 253, 0
4096, 254, 254, 0
4096, 255, 255, 0
4096, 256, 256, 0
4096, 257, 257, 0
4096, 258, 258, 0
4096, 259, 259, 0
4096, 260, 260, 0
4096, 261, 261, 0
4096, 262, 262, 0
4096, 263, 263, 0
4096, 264, 264, 0
4096, 265, 265, 0
4096, 266, 266, 0
4096, 267, 267, 0
4096, 268, 268, 0
4096, 269, 269, 0
4096, 270, 270, 0
4096, 271, 271, 0
4096, 272, 272, 0
4096, 273, 273, 0
4096, 274, 274, 0
4096, 275, 275, 0
4096, 276, 276, 0
4096, 277, 277, 0
4096, 278, 278, 0
4096, 279, 279, 0
4096, 280, 280, 0
4096, 281, 281, 0
4096, 282, 282, 0
4096, 283, 283, 0
4096, 284, 284, 0
4096, 285, 285, 0
4096, 286, 286, 0
4096, 287, 287, 0
4096, 288, 288, 0
4096, 289, 289, 0
4096, 290, 290, 0
4096, 291, 291, 0
4096, 292, 292, 0
4096, 293, 293, 0
4096, 294, 294, 0
4096, 295, 295, 0
4096, 296, 296, 0
4096, 297, 297, 0
4096, 298, 298, 0
4096, 299, 299, 0
4096, 300, 300, 0
4096, 301, 301, 0
4096, 302, 302, 0
4096, 303, 303, 0
4096, 304, 304, 0
4096, 305, 305, 0
4096, 306, 306, 0
4096, 307, 307, 0
4096, 308, 308, 0
4096, 309, 309, 0
4096, 310, 310, 0
4096, 311, 311, 0
4096, 312, 312, 0
4096, 313, 313, 0
4096, 314, 314, 0
4096, 315, 315, 0
4096, 316, 316, 0
4096, 317, 317, 0
4096, 318, 318, 0
4096, 319, 319, 0
4096, 320, 320, 0
4096, 321, 321, 0
4096, 322, 322, 0
4096, 323, 323, 0
4096, 324, 324, 0
4096, 325, 325, 0
4096, 326, 326, 0
4096, 327, 327, 0
4096, 328, 328, 0
4096, 329, 329, 0
4096, 330, 330, 0
4096, 331, 331, 0
4096, 332, 332, 0
4096, 333, 333, 0
4096, 334, 334, 0
4096, 335, 335, 0
4096, 336, 336, 0
4096, 337, 337, 0
4096, 338, 338, 0
4096, 339, 339, 0
4096, 340, 340, 0
4096, 341, 341, 0
4096, 342, 342, 0
4096, 343, 343, 0
4096, 344, 344, 0
4096, 345, 345, 0
4096, 346, 346, 0
4096, 347, 347, 0
4096, 348, 348, 0
4096, 349, 349, 0
4096, 350, 350, 0
4096, 351, 351, 0
4096, 352, 352, 0
4096, 353, 353, 0
4096, 354, 354, 0
4096, 355, 355, 0
4096, 356, 356, 0
4096, 357, 357, 0
4096, 358, 358, 0
4096, 359, 359, 0
4096, 360, 360, 0
4096, 361, 361, 0
4096, 362, 362, 0
4096, 363, 363, 0
4096, 364, 364, 0
4096, 365, 365, 0
4096, 366, 366, 0
4096, 367, 367, 0
4096, 368, 368, 0
4096, 369, 369, 0
4096, 370, 370, 0
4096, 371, 371, 0
4096, 372, 372, 0
4096, 373, 373, 0
4096, 374, 374, 0
4096, 375, 375, 0
4096, 376, 376, 0
4096, 377, 377, 0
4096, 378, 378, 0
4096, 379, 379, 0
4096, 380, 380, 0
4096, 381, 381, 0
4096, 382, 382, 0
4096, 383, 383, 0
4096, 384, 384, 0
4096, 385, 385, 0
4096, 386, 386, 0
4096, 387, 387, 0
4096, 388, 388, 0
4096, 389, 389, 0
4096, 390, 390, 0
4096, 391, 391, 0
4096, 392, 392, 0
4096, 393, 393, 0
4096, 394, 394, 0
4096, 395, 395, 0
4096, 396, 396, 0
4096, 397, 397, 0
4096, 398, 398, 0
4096, 399, 399, 0
4096, 400, 400, 0
4096, 401, 401, 0
4096, 402, 402, 0
4096, 403, 403, 0
4096, 404, 404, 0
4096, 405, 405, 0
4096, 406, 406, 0
4096, 407, 407, 0
4096, 408, 408, 0
4096, 409, 409, 0
4096, 410, 410, 0
4096, 411, 411, 0
4096, 412, 412, 0
4096, 413, 413, 0
4096, 414, 414, 0
4096, 415, 415, 0
4096, 416, 416, 0
4096, 417, 417, 0
4096, 418, 418, 0
4096, 419, 419, 0
4096, 420, 420, 0
4096, 421, 421, 0
4096, 422, 422, 0
4096, 423, 423, 0
4096, 424, 424, 0
4096, 425, 425, 0
4096, 426, 426, 0
4096, 427, 427, 0
4096, 428, 428, 0
4096, 429, 429, 0
4096, 430, 430, 0
4096, 431, 431, 0
4096, 432, 432, 0
4096, 433, 433, 0
4096, 434, 434, 0
4096, 435, 435, 0
4096, 436, 436, 0
4096, 437, 437, 0
4096, 438, 438, 0
4096, 439, 439, 0
4096, 440, 440, 0
4096, 441, 441, 0
4096, 442, 442, 0
4096, 443, 443, 0
4096, 444, 444, 0
4096, 445, 445, 0
4096, 446, 446, 0
4096, 447, 447, 0
4096, 448, 448, 0
4096, 449, 449, 0
4096, 450, 450, 0
4096, 451, 451, 0
4096, 452, 452, 0
4096, 453, 453, 0
4096, 454, 454, 0
4096, 455, 455, 0
4096, 456, 456, 0
4096, 457, 457, 0
4096, 458, 458, 0
4096, 459, 459, 0
4096, 460, 460, 0
4096, 461, 461, 0
4096, 462, 462, 0
4096, 463, 463, 0
4096, 464, 464, 0
4096, 465, 465, 0
4096, 466, 466, 0
4096, 467, 467, 0
4096, 468, 468, 0
4096, 469, 469, 0
4096, 470, 470, 0
4096, 471, 471, 0
4096, 472, 472, 0
4096, 473, 473, 0
4096, 474, 474, 0
4096, 475, 475, 0
4096, 476, 476, 0
4096, 477, 477, 0
4096, 478, 478, 0
4096, 479, 479, 0
4096, 480, 480, 0
4096, 481, 481, 0
4096, 482, 482, 0
4096, 483, 483, 0
4096, 484, 484, 0
4096, 485, 485, 0
4096, 486, 486, 0
4096, 487, 487, 0
4096, 488, 488, 0
4096, 489, 489, 0
4096, 490, 490, 0
4096, 491, 491, 0
4096, 492, 492, 0
4096, 493, 493, 0
4096, 494, 494, 0
4096, 495, 495, 0
4096, 496, 496, 0
4096, 497, 497, 0
4096, 498, 498, 0
4096, 499, 499, 0
4096, 500, 500, 0
4096, 501, 501, 0
4096, 502, 502, 0
4096, 503, 503, 0
4096, 504, 504, 0
4096, 505, 505, 0
4096, 506, 506, 0
4096, 507, 507, 0
4096, 508, 508, 0
4096, 509, 509, 0
4096, 510, 510, 0
4096, 511, 511, 0
4096, 512, 512, 0
4096, 513, 513, 0
4096, 514, 514, 0
4096, 515, 515, 0
4096, 516, 516, 0
4096, 517, 517, 0
4096, 518, 518, 0
4096, 519, 519, 0
4096, 520, 520, 0
4096, 521, 521, 0
4096, 522, 522, 0
4096, 523, 523, 0
4096, 524, 524, 0
4096, 525, 525, 0
4096, 526, 526, 0
4096, 527, 527, 0
4096, 528, 528, 0
4096, 529, 529, 0
4096, 530, 530, 0
4096, 531, 531, 0
4096, 532, 532, 0
4096, 533, 533, 0
4096, 534, 534, 0
4096, 535, 535, 0
4096, 536, 536, 0
4096, 537, 537, 0
4096, 538, 538, 0
4096, 539, 539, 0
4096, 540, 540, 0
4096, 541, 541, 0
4096, 542, 542, 0
4096, 543, 543, 0
4096, 544, 544, 0
4096, 545, 545, 0
4096, 546, 546, 0
4096, 547, 547, 0
4096, 548, 548, 0
4096, 549, 549, 0
4096, 550, 550, 0
4096, 551, 551, 0
4096, 552, 552, 0
4096, 553, 553, 0
4096, 554, 554, 0
4096, 555, 555, 0
4096, 556, 556, 0
4096, 557, 557, 0
4096, 558, 558, 0
4096, 559, 559, 0
4096, 560, 560, 0
4096, 561, 561, 0
4096, 562, 562, 0
4096, 563, 563, 0
4096, 564, 564, 0
4096, 565, 565, 0
4096, 566, 566, 0
4096, 567, 567, 0
4096, 568, 568, 0
4096, 569, 569, 0
4096, 570, 570, 0
4096, 571, 571, 0
4096, 572, 572, 0
4096, 573, 573, 0
4096, 574, 574, 0
4096, 575, 575, 0
4096, 576, 576, 0
4096, 577, 577, 0
4096, 578, 578, 0
4096, 579, 579, 0
4096, 580, 580, 0
4096, 581, 581, 0
4096, 582, 582, 0
4096, 583, 583, 0
4096, 584, 584, 0
4096, 585, 585, 0
4096, 586, 586, 0
4096, 587, 587, 0
4096, 588, 588, 0
4096, 589, 589, 0
4096, 590, 590, 0
4096, 591, 591, 0
4096, 592, 592, 0
4096, 593, 593, 0
4096, 594, 594, 0
4096, 595, 595, 0
4096, 596, 596, 0
4096, 597, 597, 0
4096, 598, 598, 0
4096, 599, 599, 0
4096, 600, 600, 0
4096, 601, 601, 0
4096, 602, 602, 0
4096, 603, 603, 0
4096, 604, 604, 0
4096, 605, 605, 0
4096, 606, 606, 0
4096, 607, 607, 0
4096, 608, 608, 0
4096, 609, 609, 0
4096, 610, 610, 0
4096, 611, 611, 0
4096, 612, 612, 0
4096, 613, 613, 0
4096, 614, 614, 0
4096, 615, 615, 0
4096, 616, 616, 0
4096, 617, 617, 0
4096, 618, 618, 0
4096, 619, 619, 0
4096, 620, 620, 0
4096, 621, 621, 0
4096, 622, 622, 0
4096, 623, 623, 0
4096, 624, 624, 0
4096, 625, 625, 0
4096, 626, 626, 0
4096, 627, 627, 0
4096, 628, 628, 0
4096, 629, 629, 0
4096, 630, 630, 0
4096, 631, 631, 0
4096, 632, 632, 0
4096, 633, 633, 0
4096, 634, 634, 0
4096, 635, 635, 0
4096, 636, 636, 0
4096, 637, 637, 0
4096, 638, 638, 0
4096, 639, 639, 0
4096, 640, 640, 0
4096, 641, 641, 0
4096, 642, 642, 0
4096, 643, 643, 0
4096, 644, 644, 0
4096, 645, 645, 0
4096, 646, 646, 0
4096, 647, 647, 0
4096, 648, 648, 0
4096, 649, 649, 0
4096, 650, 650, 0
4096, 651, 651, 0
4096, 652, 652, 0
4096, 653, 653, 0
4096, 654, 654, 0
4096, 655, 655, 0
4096, 656, 656, 0
4096, 657, 657, 0
4096, 658, 658, 0
4096, 659, 659, 0
4096, 660, 660, 0
4096, 661, 661, 0
4096, 662, 662, 0
4096, 663, 663, 0
4096, 664, 664, 0
4096, 665, 665, 0
4096, 666, 666, 0
4096, 667, 667, 0
4096, 668, 668, 0
4096, 669, 669, 0
4096, 670, 670, 0
4096, 671, 671, 0
4096, 672, 672, 0
4096, 673, 673, 0
4096, 674, 674, 0
4096, 675, 675, 0
4096, 676, 676, 0
4096, 677, 677, 0
4096, 678, 678, 0
4096, 679, 679, 0
4096, 680, 680, 0
4096, 681, 681, 0
4096, 682, 682, 0
4096, 683, 683, 0
4096, 684, 684, 0
4096, 685, 685, 0
4096, 686, 686, 0
4096, 687, 687, 0
4096, 688, 688, 0
4096, 689, 689, 0
4096, 690, 690, 0
4096, 691, 691, 0
4096, 692, 692, 0
4096, 693, 693, 0
4096, 694, 694, 0
4096, 695, 695, 0
4096, 696, 696, 0
4096, 697, 697, 0
4096, 698, 698, 0
4096, 699, 699, 0
4096, 700, 700, 0
4096, 701, 701, 0
4096, 702, 702, 0
4096, 703, 703, 0
4096, 704, 704, 0
4096, 705, 705, 0
4096, 706, 706, 0
4096, 707, 707, 0
4096, 708, 708, 0
4096, 709, 709, 0
4096, 710, 710, 0
4096, 711, 711, 0
4096, 712, 712, 0
4096, 713, 713, 0
4096, 714, 714, 0
4096, 715, 715, 0
4096, 716, 716, 0
4096, 717, 717, 0
4096, 718, 718, 0
4096, 719, 719, 0
4096, 720, 720, 0
4096, 721, 721, 0
4096, 722, 722, 0
4096, 723, 723, 0
4096, 724, 724, 0
4096, 725, 725, 0
4096, 726, 726, 0
4096, 727, 727, 0
4096, 728, 728, 0
4096, 729, 729, 0
4096, 730, 730, 0
4096, 731, 731, 0
4096, 732, 732, 0
4096, 733, 733, 0
4096, 734, 734, 0
4096, 735, 735, 0
4096, 736, 736, 0
4096, 737, 737, 0
4096, 738, 738, 0
4096, 739, 739, 0
4096, 740, 740, 0
4096, 741, 741, 0
4096, 742, 742, 0
4096, 743, 743, 0
4096, 744, 744, 0
4096, 745, 745, 0
4096, 746, 746, 0
4096, 747, 747, 0
4096, 748, 748, 0
4096, 749, 749, 0
4096, 750, 750, 0
4096, 751, 751, 0
4096, 752, 752, 0
4096, 753, 753, 0
4096, 754, 754, 0
4096, 755, 755, 0
4096, 756, 756, 0
4096, 757, 757, 0
4096, 758, 758, 0
4096, 759, 759, 0
4096, 760, 760, 0
4096, 761, 761, 0
4096, 762, 762, 0
4096, 763, 763, 0
4096, 764, 764, 0
4096, 765, 765, 0
4096, 766, 766, 0
4096, 767, 767, 0
4096, 768, 768, 0
4096, 769, 769, 0
4096, 770, 770, 0
4096, 771, 771, 0
4096, 772, 772, 0
4096, 773, 773, 0
4096, 774, 774, 0
4096, 775, 775, 0
4096, 776, 776, 0
4096, 777, 777, 0
4096, 778, 778, 0
4096, 779, 779, 0
4096, 780, 780, 0
4096, 781, 781, 0
4096, 782, 782, 0
4096, 783, 783, 0
4096, 784, 784, 0
4096, 785, 785, 0
4096, 786, 786, 0
4096, 787, 787, 0
4096, 788, 788, 0
4096, 789, 789, 0
4096, 790, 790, 0
4096, 791, 791, 0
4096, 792, 792, 0
4096, 793, 793, 0
4096, 794, 794, 0
4096, 795, 795, 0
4096, 796, 796, 0
4096, 797, 797, 0
4096, 798, 798, 0
4096, 799, 799, 0
4096, 800, 800, 0
4096, 801, 801, 0
4096, 802, 802, 0
4096, 803, 803, 0
4096, 804, 804, 0
4096, 805, 805, 0
4096, 806, 806, 0
4096, 807, 807, 0
4096, 808, 808, 0
4096, 809, 809, 0
4096, 810, 810, 0
4096, 811, 811, 0
4096, 812, 812, 0
4096, 813, 813, 0
4096, 814, 814, 0
4096, 815, 815, 0
4096, 816, 816, 0
4096, 817, 817, 0
4096, 818, 818, 0
4096, 819, 819, 0
4096, 820, 820, 0
4096, 821, 821, 0
4096, 822, 822, 0
4096, 823, 823, 0
4096, 824, 824, 0
4096, 825, 825, 0
4096, 826, 826, 0
4096, 827, 827, 0
4096, 828, 828, 0
4096, 829, 829, 0
4096, 830, 830, 0
4096, 831, 831, 0
4096, 832, 832, 0
4096, 833, 833, 0
4096, 834, 834, 0
4096, 835, 835, 0
4096, 836, 836, 0
4096, 837, 837, 0
4096, 838, 838, 0
4096, 839, 839, 0
4096, 840, 840, 0
4096, 841, 841, 0
4096, 842, 842, 0
4096, 843, 843, 0
4096, 844, 844, 0
4096, 845, 845, 0
4096, 846, 846, 0
4096, 847, 847, 0
4096, 848, 848, 0
4096, 849, 849, 0
4096, 850, 850, 0
4096, 851, 851, 0
4096, 852, 852, 0
4096, 853, 853, 0
4096, 854, 854, 0
4096, 855, 855, 0
4096, 856, 856, 0
4096, 857, 857, 0
4096, 858, 858, 0
4096, 859, 859, 0
4096, 860, 860, 0
4096, 861, 861, 0
4096, 862, 862, 0
4096, 863, 863, 0
4096, 864, 864, 0
4096, 865, 865, 0
4096, 866, 866, 0
4096, 867, 867, 0
4096, 868, 868, 0
4096, 869, 869, 0
4096, 870, 870, 0
4096, 871, 871, 0
4096, 872, 872, 0
4096, 873, 873, 0
4096, 874, 874, 0
4096, 875, 875, 0
4096, 876, 876, 0
4096, 877, 877, 0
4096, 878, 878, 0
4096, 879, 879, 0
4096, 880, 880, 0
4096, 881, 881, 0
4096, 882, 882, 0
4096, 883, 883, 0
4096, 884, 884, 0
4096, 885, 885, 0
4096, 886, 886, 0
4096, 887, 887, 0
4096, 888, 888, 0
4096, 889, 889, 0
4096, 890, 890, 0
4096, 891, 891, 0
4096, 892, 892, 0
4096, 893, 893, 0
4096, 894, 894, 0
4096, 895, 895, 0
4096, 896, 896, 0
4096, 897, 897, 0
4096, 898, 898, 0
4096, 899, 899, 0
4096, 900, 900, 0
4096, 901, 901, 0
4096, 902, 902, 0
4096, 903, 903, 0
4096, 904, 904, 0
4096, 905, 905, 0
4096, 906, 906, 0
4096, 907, 907, 0
4096, 908, 908, 0
4096, 909, 909, 0
4096, 910, 910, 0
4096, 911, 911, 0
4096, 912, 912, 0
4096, 913, 913, 0
4096, 914, 914, 0
4096, 915, 915, 0
4096, 916, 916, 0
4096, 917, 917, 0
4096, 918, 918, 0
4096, 919, 919, 0
4096, 920, 920, 0
4096, 921, 921, 0
4096, 922, 922, 0
4096, 923, 923, 0
4096, 924, 924, 0
4096, 925, 925, 0
4096, 926, 926, 0
4096, 927, 927, 0
4096, 928, 928, 0
4096, 929, 929, 0
4096, 930, 930, 0
4096, 931, 931, 0
4096, 932, 932, 0
4096, 933, 933, 0
4096, 934, 934, 0
4096, 935, 935, 0
4096, 936, 936, 0
4096, 937, 937, 0
4096, 938, 938, 0
4096, 939, 939, 0
4096, 940, 940, 0
4096, 941, 941, 0
4096, 942, 942, 0
4096, 943, 943, 0
4096, 944, 944, 0
4096, 945, 945, 0
4096, 946, 946, 0
4096, 947, 947, 0
4096, 948, 948, 0
4096, 949, 949, 0
4096, 950, 950, 0
4096, 951, 951, 0
4096, 952, 952, 0
4096, 953, 953, 0
4096, 954, 954, 0
4096, 955, 955, 0
4096, 956, 956, 0
4096, 957, 957, 0
4096, 958, 958, 0
4096, 959, 959, 0
4096, 960, 960, 0
4096, 961, 961, 0
4096, 962, 962, 0
4096, 963, 963, 0
4096, 964, 964, 0
4096, 965, 965, 0
4096, 966, 966, 0
4096, 967, 967, 0
4096, 968, 968, 0
4096, 969, 969, 0
4096, 970, 970, 0
4096, 971, 971, 0
4096, 972, 972, 0
4096, 973, 973, 0
4096, 974, 974, 0
4096, 975, 975, 0
4096, 976, 976, 0
4096, 977, 977, 0
4096, 978, 978, 0
4096, 979, 979, 0
4096, 980, 980, 0
4096, 981, 981, 0
4096, 982, 982, 0
4096, 983, 983, 0
4096, 984, 984, 0
4096, 985, 985, 0
4096, 986, 986, 0
4096, 987, 987, 0
4096, 988, 988, 0
4096, 989, 989, 0
4096, 990, 990, 0
4096, 991, 991, 0
4096, 992, 992, 0
4096, 993, 993, 0
4096, 994, 994, 0
4096, 995, 995, 0
4096, 996, 996, 0
4096, 997, 997, 0
4096, 998, 998, 0
4096, 999, 999, 0
4096, 1000, 1000, 0
4096, 1001, 1001, 0
4096, 1002, 1002, 0
4096, 1003, 1003, 0
4096, 1004, 1004, 0
4096, 1005, 1005, 0
4096, 1006, 1006, 0
4096, 1007, 1007, 0
4096, 1008, 1008, 0
4096, 1009, 1009, 0
4096, 1010, 1010, 0
4096, 1011, 1011, 0
4096, 1012, 1012, 0
4096, 1013, 1013, 0
4096, 1014, 1014, 0
4096, 1015, 1015, 0
4096, 1016, 1016, 0
4096, 1017, 1017, 0
4096, 1018, 1018, 0
4096, 1019, 1019, 0
4096, 1020, 1020, 0
4096, 1021, 1021, 0
4096, 1022, 1022, 0
4096, 1023, 1023, 0
4096, 1024, 1024, 0
4096, 1025, 1025, 0
4096, 1026, 1026, 0
4096, 1027, 1027, 0
4096, 1028, 1028, 0
4096, 1029, 1029, 0
4096, 1030, 1030, 0
4096, 1031, 1031, 0
4096, 1032, 1032, 0
4096, 1033, 1033, 0
4096, 1034, 1034, 0
4096, 1035, 1035, 0
4096, 1036, 1036, 0
4096, 1037, 1037, 0
4096, 1038, 1038, 0
4096, 1039, 1039, 0
4096, 1040, 1040, 0
4096, 1041, 1041, 0
4096, 1042, 1042, 0
4096, 1043, 1043, 0
4096, 1044, 1044, 0
4096, 1045, 1045, 0
4096, 1046, 1046, 0
4096, 1047, 1047, 0
4096, 1048, 1048, 0
4096, 1049, 1049, 0
4096, 1050, 1050, 0
4096, 1051, 1051, 0
4096, 1052, 1052, 0
4096, 1053, 1053, 0
4096, 1054, 1054, 0
4096, 1055, 1055, 0
4096, 1056, 1056, 0
4096, 1057, 1057, 0
4096, 1058, 1058, 0
4096, 1059, 1059, 0
4096, 1060, 1060, 0
4096, 1061, 1061, 0
4096, 1062, 1062, 0
4096, 1063, 1063, 0
4096, 1064, 1064, 0
4096, 1065, 1065, 0
4096, 1066, 1066, 0
4096, 1067, 1067, 0
4096, 1068, 1068, 0
4096, 1069, 1069, 0
4096, 1070, 1070, 0
4096, 1071, 1071, 0
4096, 1072, 1072, 0
4096, 1073, 1073, 0
4096, 1074, 1074, 0
4096, 1075, 1075, 0
4096, 1076, 1076, 0
4096, 1077, 1077, 0
4096, 1078, 1078, 0
4096, 1079, 1079, 0
4096, 1080, 1080, 0
4096, 1081, 1081, 0
4096, 1082, 1082, 0
4096, 1083, 1083, 0
4096, 1084, 1084, 0
4096, 1085, 1085, 0
4096, 1086, 1086, 0
4096, 1087, 1087, 0
4096, 1088, 1088, 0
4096, 1089, 1089, 0
4096, 1090, 1090, 0
4096, 1091, 1091, 0
4096, 1092, 1092, 0
4096, 1093, 1093, 0
4096, 1094, 1094, 0
4096, 1095, 1095, 0
4096, 1096, 1096, 0
4096, 1097, 1097, 0
4096, 1098, 1098, 0
4096, 1099, 1099, 0
4096, 1100, 1100, 0
4096, 1101, 1101, 0
4096, 1102, 1102, 0
4096, 1103, 1103, 0
4096, 1104, 1104, 0
4096, 1105, 1105, 0
4096, 1106, 1106, 0
4096, 1107, 1107, 0
4096, 1108, 1108, 0
4096, 1109, 1109, 0
4096, 1110, 1110, 0
4096, 1111, 1111, 0
4096, 1112, 1112, 0
4096, 1113, 1113, 0
4096, 1114, 1114, 0
4096, 1115, 1115, 0
4096, 1116, 1116, 0
4096, 1117, 1117, 0
4096, 1118, 1118, 0
4096, 1119, 1119, 0
4096, 1120, 1120, 0
4096, 1121, 1121, 0
4096, 1122, 1122, 0
4096, 1123, 1123, 0
4096, 1124, 1124, 0
4096, 1125, 1125, 0
4096, 1126, 1126, 0
4096, 1127, 1127, 0
4096, 1128, 1128, 0
4096, 1129, 1129, 0
4096, 1130, 1130, 0
4096, 1131, 1131, 0
4096, 1132, 1132, 0
4096, 1133, 1133, 0
4096, 1134, 1134, 0
4096, 1135, 1135, 0
4096, 1136, 1136, 0
4096, 1137, 1137, 0
4096, 1138, 1138, 0
4096, 1139, 1139, 0
4096, 1140, 1140, 0
4096, 1141, 1141, 0
4096, 1142, 1142, 0
4096, 1143, 1143, 0
4096, 1144, 1144, 0
4096, 1145, 1145, 0
4096, 1146, 1146, 0
4096, 1147, 1147, 0
4096, 1148, 1148, 0
4096, 1149, 1149, 0
4096, 1150, 1150, 0
4096, 1151, 1151, 0
4096, 1152, 1152, 0
4096, 1153, 1153, 0
4096, 1154, 1154, 0
4096, 1155, 1155, 0
4096, 1156, 1156, 0
4096, 1157, 1157, 0
4096, 1158, 1158, 0
4096, 1159, 1159, 0
4096, 1160, 1160, 0
4096, 1161, 1161, 0
4096, 1162, 1162, 0
4096, 1163, 1163, 0
4096, 1164, 1164, 0
4096, 1165, 1165, 0
4096, 1166, 1166, 0
4096, 1167, 1167, 0
4096, 1168, 1168, 0
4096, 1169, 1169, 0
4096, 1170, 1170, 0
4096, 1171, 1171, 0
4096, 1172, 1172, 0
4096, 1173, 1173, 0
4096, 1174, 1174, 0
4096, 1175, 1175, 0
4096, 1176, 1176, 0
4096, 1177, 1177, 0
4096, 1178, 1178, 0
4096, 1179, 1179, 0
4096, 1180, 1180, 0
4096, 1181, 1181, 0
4096, 1182, 1182, 0
4096, 1183, 1183, 0
4096, 1184, 1184, 0
4096, 1185, 1185, 0
4096, 1186, 1186, 0
4096, 1187, 1187, 0
4096, 1188, 1188, 0
4096, 1189, 1189, 0
4096, 1190, 1190, 0
4096, 1191, 1191, 0
4096, 1192, 1192, 0
4096, 1193, 1193, 0
4096, 1194, 1194, 0
4096, 1195, 1195, 0
4096, 1196, 1196, 0
4096, 1197, 1197, 0
4096, 1198, 1198, 0
4096, 1199, 1199, 0
4096, 1200, 1200, 0
4096, 1201, 1201, 0
4096, 1202, 1202, 0
4096, 1203, 1203, 0
4096, 1204, 1204, 0
4096, 1205, 1205, 0
4096, 1206, 1206, 0
4096, 1207, 1207, 0
4096, 1208, 1208, 0
4096, 1209, 1209, 0
4096, 1210, 1210, 0
4096, 1211, 1211, 0
4096, 1212, 1212, 0
4096, 1213, 1213, 0
4096, 1214, 1214, 0
4096, 1215, 1215, 0
4096, 1216, 1216, 0
4096, 1217, 1217, 0
4096, 1218, 1218, 0
4096, 1219, 1219, 0
4096, 1220, 1220, 0
4096, 1221, 1221, 0
4096, 1222, 1222, 0
4096, 1223, 1223, 0
4096, 1224, 1224, 0
4096, 1225, 1225, 0
4096, 1226, 1226, 0
4096, 1227, 1227, 0
4096, 1228, 1228, 0
4096, 1229, 1229, 0
4096, 1230, 1230, 0
4096, 1231, 1231, 0
4096, 1232, 1232, 0
4096, 1233, 1233, 0
4096, 1234, 1234, 0
4096, 1235, 1235, 0
4096, 1236, 1236, 0
4096, 1237, 1237, 0
4096, 1238, 1238, 0
4096, 1239, 1239, 0
4096, 1240, 1240, 0
4096, 1241, 1241, 0
4096, 1242, 1242, 0
4096, 1243, 1243, 0
4096, 1244, 1244, 0
4096, 1245, 1245, 0
4096, 1246, 1246, 0
4096, 1247, 1247, 0
4096, 1248, 1248, 0
4096, 1249, 1249, 0
4096, 1250, 1250, 0
4096, 1251, 1251, 0
4096, 1252, 1252, 0
4096, 1253, 1253, 0
4096, 1254, 1254, 0
4096, 1255, 1255, 0
4096, 1256, 1256, 0
4096, 1257, 1257, 0
4096, 1258, 1258, 0
4096, 1259, 1259, 0
4096, 1260, 1260, 0
4096, 1261, 1261, 0
4096, 1262, 1262, 0
4096, 1263, 1263, 0
4096, 1264, 1264, 0
4096, 1265, 1265, 0
4096, 1266, 1266, 0
4096, 1267, 1267, 0
4096, 1268, 1268, 0
4096, 1269, 1269, 0
4096, 1270, 1270, 0
4096, 1271, 1271, 0
4096, 1272, 1272, 0
4096, 1273, 1273, 0
4096, 1274, 1274, 0
4096, 1275, 1275, 0
4096, 1276, 1276, 0
4096, 1277, 1277, 0
4096, 1278, 1278, 0
4096, 1279, 1279, 0
4096, 1280, 1280, 0
4096, 1281, 1281, 0
4096, 1282, 1282, 0
4096, 1283, 1283, 0
4096, 1284, 1284, 0
4096, 1285, 1285, 0
4096, 1286, 1286, 0
4096, 1287, 1287, 0
4096, 1288, 1288, 0
4096, 1289, 1289, 0
4096, 1290, 1290, 0
4096, 1291, 1291, 0
4096, 1292, 1292, 0
4096, 1293, 1293, 0
4096, 1294, 1294, 0
4096, 1295, 1295, 0
4096, 1296, 1296, 0
4096, 1297, 1297, 0
4096, 1298, 1298, 0
4096, 1299, 1299, 0
4096, 1300, 1300, 0
4096, 1301, 1301, 0
4096, 1302, 1302, 0
4096, 1303, 1303, 0
4096, 1304, 1304, 0
4096, 1305, 1305, 0
4096, 1306, 1306, 0
4096, 1307, 1307, 0
4096, 1308, 1308, 0
4096, 1309, 1309, 0
4096, 1310, 1310, 0
4096, 1311, 1311, 0
4096, 1312, 1312, 0
4096, 1313, 1313, 0
4096, 1314, 1314, 0
4096, 1315, 1315, 0
4096, 1316, 1316, 0
4096, 1317, 1317, 0
4096, 1318, 1318, 0
4096, 1319, 1319, 0
4096, 1320, 1320, 0
4096, 1321, 1321, 0
4096, 1322, 1322, 0
4096, 1323, 1323, 0
4096, 1324, 1324, 0
4096, 1325, 1325, 0
4096, 1326, 1326, 0
4096, 1327, 1327, 0
4096, 1328, 1328, 0
4096, 1329, 1329, 0
4096, 1330, 1330, 0
4096, 1331, 1331, 0
4096, 1332, 1332, 0
4096, 1333, 1333, 0
4096, 1334, 1334, 0
4096, 1335, 1335, 0
4096, 1336, 1336, 0
4096, 1337, 1337, 0
4096, 1338, 1338, 0
4096, 1339, 1339, 0
4096, 1340, 1340, 0
4096, 1341, 1341, 0
4096, 1342, 1342, 0
4096, 1343, 1343, 0
4096, 1344, 1344, 0
4096, 1345, 1345, 0
4096, 1346, 1346, 0
4096, 1347, 1347, 0
4096, 1348, 1348, 0
4096, 1349, 1349, 0
4096, 1350, 1350, 0
4096, 1351, 1351, 0
4096, 1352, 1352, 0
4096, 1353, 1353, 0
4096, 1354, 1354, 0
4096, 1355, 1355, 0
4096, 1356, 1356, 0
4096, 1357, 1357, 0
4096, 1358, 1358, 0
4096, 1359, 1359, 0
4096, 1360, 1360, 0
4096, 1361, 1361, 0
4096, 1362, 1362, 0
4096, 1363, 1363, 0
4096, 1364, 1364, 0
4096, 1365, 1365, 0
4096, 1366, 1366, 0
4096, 1367, 1367, 0
4096, 1368, 1368, 0
4096, 1369, 1369, 0
4096, 1370, 1370, 0
4096, 1371, 1371, 0
4096, 1372, 1372, 0
4096, 1373, 1373, 0
4096, 1374, 1374, 0
4096, 1375, 1375, 0
4096, 1376, 1376, 0
4096, 1377, 1377, 0
4096, 1378, 1378, 0
4096, 1379, 1379, 0
4096, 1380, 1380, 0
4096, 1381, 1381, 0
4096, 1382, 1382, 0
4096, 1383, 1383, 0
4096, 1384, 1384, 0
4096, 1385, 1385, 0
4096, 1386, 1386, 0
4096, 1387, 1387, 0
4096, 1388, 1388, 0
4096, 1389, 1389, 0
4096, 1390, 1390, 0
4096, 1391, 1391, 0
4096, 1392, 1392, 0
4096, 1393, 1393, 0
4096, 1394, 1394, 0
4096, 1395, 1395, 0
4096, 1396, 1396, 0
4096, 1397, 1397, 0
4096, 1398, 1398, 0
4096, 1399, 1399, 0
4096, 1400, 1400, 0
4096, 1401, 1401, 0
4096, 1402, 1402, 0
4096, 1403, 1403, 0
4096, 1404, 1404, 0
4096, 1405, 1405, 0
4096, 1406, 1406, 0
4096, 1407, 1407, 0
4096, 1408, 1408, 0
4096, 1409, 1409, 0
4096, 1410, 1410, 0
4096, 1411, 1411, 0
4096, 1412, 1412, 0
4096, 1413, 1413, 0
4096, 1414, 1414, 0
4096, 1415, 1415, 0
4096, 1416, 1416, 0
4096, 1417, 1417, 0
4096, 1418, 1418, 0
4096, 1419, 1419, 0
4096, 1420, 1420, 0
4096, 1421, 1421, 0
4096, 1422, 1422, 0
4096, 1423, 1423, 0
4096, 1424, 1424, 0
4096, 1425, 1425, 0
4096, 1426, 1426, 0
4096, 1427, 1427, 0
4096, 1428, 1428, 0
4096, 1429, 1429, 0
4096, 1430, 1430, 0
4096, 1431, 1431, 0
4096, 1432, 1432, 0
4096, 1433, 1433, 0
4096, 1434, 1434, 0
4096, 1435, 1435, 0
4096, 1436, 1436, 0
4096, 1437, 1437, 0
4096, 1438, 1438, 0
4096, 1439, 1439, 0
4096, 1440, 1440, 0
4096, 1441, 1441, 0
4096, 1442, 1442, 0
4096, 1443, 1443, 0
4096, 1444, 1444, 0
4096, 1445, 1445, 0
4096, 1446, 1446, 0
4096, 1447, 1447, 0
4096, 1448, 1448, 0
4096, 1449, 1449, 0
4096, 1450, 1450, 0
4096, 1451, 1451, 0
4096, 1452, 1452, 0
4096, 1453, 1453, 0
4096, 1454, 1454, 0
4096, 1455, 1455, 0
4096, 1456, 1456, 0
4096, 1457, 1457, 0
4096, 1458, 1458, 0
4096, 1459, 1459, 0
4096, 1460, 1460, 0
4096, 1461, 1461, 0
4096, 1462, 1462, 0
4096, 1463, 1463, 0
4096, 1464, 1464, 0
4096, 1465, 1465, 0
4096, 1466, 1466, 0
4096, 1467, 1467, 0
4096, 1468, 1468, 0
4096, 1469, 1469, 0
4096, 1470, 1470, 0
4096, 1471, 1471, 0
4096, 1472, 1472, 0
4096, 1473, 1473, 0
4096, 1474, 1474, 0
4096, 1475, 1475, 0
4096, 1476, 1476, 0
4096, 1477, 1477, 0
4096, 1478, 1478, 0
4096, 1479, 1479, 0
4096, 1480, 1480, 0
4096, 1481, 1481, 0
4096, 1482, 1482, 0
4096, 1483, 1483, 0
4096, 1484, 1484, 0
4096, 1485, 1485, 0
4096, 1486, 1486, 0
4096, 1487, 1487, 0
4096, 1488, 1488, 0
4096, 1489, 1489, 0
4096, 1490, 1490, 0
4096, 1491, 1491, 0
4096, 1492, 1492, 0
4096, 1493, 1493, 0
4096, 1494, 1494, 0
4096, 1495, 1495, 0
4096, 1496, 1496, 0
4096, 1497, 1497, 0
4096, 1498, 1498, 0
4096, 1499, 1499, 0
4096, 1500, 1500, 0
4096, 1501, 1501, 0
4096, 1502, 1502, 0
4096, 1503, 1503, 0
4096, 1504, 1504, 0
4096, 1505, 1505, 0
4096, 1506, 1506, 0
4096, 1507, 1507, 0
4096, 1508, 1508, 0
4096, 1509, 1509, 0
4096, 1510, 1510, 0
4096, 1511, 1511, 0
4096, 1512, 1512, 0
4096, 1513, 1513, 0
4096, 1514, 1514, 0
4096, 1515, 1515, 0
4096, 1516, 1516, 0
4096, 1517, 1517, 0
4096, 1518, 1518, 0
4096, 1519, 1519, 0
4096, 1520, 1520, 0
4096, 1521, 1521, 0
4096, 1522, 1522, 0
4096, 1523, 1523, 0
4096, 1524, 1524, 0
4096, 1525, 1525, 0
4096, 1526, 1526, 0
4096, 1527, 1527, 0
4096, 1528, 1528, 0
4096, 1529, 1529, 0
4096, 1530, 1530, 0
4096, 1531, 1531, 0
4096, 1532, 1532, 0
4096, 1533, 1533, 0
4096, 1534, 1534, 0
4096, 1535, 1535, 0
4096, 1536, 1536, 0
4096, 1537, 1537, 0
4096, 1538, 1538, 0
4096, 1539, 1539, 0
4096, 1540, 1540, 0
4096, 1541, 1541, 0
4096, 1542, 1542, 0
4096, 1543, 1543, 0
4096, 1544, 1544, 0
4096, 1545, 1545, 0
4096, 1546, 1546, 0
4096, 1547, 1547, 0
4096, 1548, 1548, 0
4096, 1549, 1549, 0
4096, 1550, 1550, 0
4096, 1551, 1551, 0
4096, 1552, 1552, 0
4096, 1553, 1553, 0
4096, 1554, 1554, 0
4096, 1555, 1555, 0
4096, 1556, 1556, 0
4096, 1557, 1557, 0
4096, 1558, 1558, 0
4096, 1559, 1559, 0
4096, 1560, 1560, 0
4096, 1561, 1561, 0
4096, 1562, 1562, 0
4096, 1563, 1563, 0
4096, 1564, 1564, 0
4096, 1565, 1565, 0
4096, 1566, 1566, 0
4096, 1567, 1567, 0
4096, 1568, 1568, 0
4096, 1569, 1569, 0
4096, 1570, 1570, 0
4096, 1571, 1571, 0
4096, 1572, 1572, 0
4096, 1573, 1573, 0
4096, 1574, 1574, 0
4096, 1575, 1575, 0
4096, 1576, 1576, 0
4096, 1577, 1577, 0
4096, 1578, 1578, 0
4096, 1579, 1579, 0
4096, 1580, 1580, 0
4096, 1581, 1581, 0
4096, 1582, 1582, 0
4096, 1583, 1583, 0
4096, 1584, 1584, 0
4096, 1585, 1585, 0
4096, 1586, 1586, 0
4096, 1587, 1587, 0
4096, 1588, 1588, 0
4096, 1589, 1589, 0
4096, 1590, 1590, 0
4096, 1591, 1591, 0
4096, 1592, 1592, 0
4096, 1593, 1593, 0
4096, 1594, 1594, 0
4096, 1595, 1595, 0
4096, 1596, 1596, 0
4096, 1597, 1597, 0
4096, 1598, 1598, 0
4096, 1599, 1599, 0
4096, 1600, 1600, 0
4096, 1601, 1601, 0
4096, 1602, 1602, 0
4096, 1603, 1603, 0
4096, 1604, 1604, 0
4096, 1605, 1605, 0
4096, 1606, 1606, 0
4096, 1607, 1607, 0
4096, 1608, 1608, 0
4096, 1609, 1609, 0
4096, 1610, 1610, 0
4096, 1611, 1611, 0
4096, 1612, 1612, 0
4096, 1613, 1613, 0
4096, 1614, 1614, 0
4096, 1615, 1615, 0
4096, 1616, 1616, 0
4096, 1617, 1617, 0
4096, 1618, 1618, 0
4096, 1619, 1619, 0
4096, 1620, 1620, 0
4096, 1621, 1621, 0
4096, 1622, 1622, 0
4096, 1623, 1623, 0
4096, 1624, 1624, 0
4096, 1625, 1625, 0
4096, 1626, 1626, 0
4096, 1627, 1627, 0
4096, 1628, 1628, 0
4096, 1629, 1629, 0
4096, 1630, 1630, 0
4096, 1631, 1631, 0
4096, 1632, 1632, 0
4096, 1633, 1633, 0
4096, 1634, 1634, 0
4096, 1635, 1635, 0
4096, 1636, 1636, 0
4096, 1637, 1637, 0
4096, 1638, 1638, 0
4096, 1639, 1639, 0
4096, 1640, 1640, 0
4096, 1641, 1641, 0
4096, 1642, 1642, 0
4096, 1643, 1643, 0
4096, 1644, 1644, 0
4096, 1645, 1645, 0
4096, 1646, 1646, 0
4096, 1647, 1647, 0
4096, 1648, 1648, 0
4096, 1649, 1649, 0
4096, 1650, 1650, 0
4096, 1651, 1651, 0
4096, 1652, 1652, 0
4096, 1653, 1653, 0
4096, 1654, 1654, 0
4096, 1655, 1655, 0
4096, 1656, 1656, 0
4096, 1657, 1657, 0
4096, 1658, 1658, 0
4096, 1659, 1659, 0
4096, 1660, 1660, 0
4096, 1661, 1661, 0
4096, 1662, 1662, 0
4096, 1663, 1663, 0
4096, 1664, 1664, 0
4096, 1665, 1665, 0
4096, 1666, 1666, 0
4096, 1667, 1667, 0
4096, 1668, 1668, 0
4096, 1669, 1669, 0
4096, 1670, 1670, 0
4096, 1671, 1671, 0
4096, 1672, 1672, 0
4096, 1673, 1673, 0
4096, 1674, 1674, 0
4096, 1675, 1675, 0
4096, 1676, 1676, 0
4096, 1677, 1677, 0
4096, 1678, 1678, 0
4096, 1679, 1679, 0
4096, 1680, 1680, 0
4096, 1681, 1681, 0
4096, 1682, 1682, 0
4096, 1683, 1683, 0
4096, 1684, 1684, 0
4096, 1685, 1685, 0
4096, 1686, 1686, 0
4096, 1687, 1687, 0
4096, 1688, 1688, 0
4096, 1689, 1689, 0
4096, 1690, 1690, 0
4096, 1691, 1691, 0
4096, 1692, 1692, 0
4096, 1693, 1693, 0
4096, 1694, 1694, 0
4096, 1695, 1695, 0
4096, 1696, 1696, 0
4096, 1697, 1697, 0
4096, 1698, 1698, 0
4096, 1699, 1699, 0
4096, 1700, 1700, 0
4096, 1701, 1701, 0
4096, 1702, 1702, 0
4096, 1703, 1703, 0
4096, 1704, 1704, 0
4096, 1705, 1705, 0
4096, 1706, 1706, 0
4096, 1707, 1707, 0
4096, 1708, 1708, 0
4096, 1709, 1709, 0
4096, 1710, 1710, 0
4096, 1711, 1711, 0
4096, 1712, 1712, 0
4096, 1713, 1713, 0
4096, 1714, 1714, 0
4096, 1715, 1715, 0
4096, 1716, 1716, 0
4096, 1717, 1717, 0
4096, 1718, 1718, 0
4096, 1719, 1719, 0
4096, 1720, 1720, 0
4096, 1721, 1721, 0
4096, 1722, 1722, 0
4096, 1723, 1723, 0
4096, 1724, 1724, 0
4096, 1725, 1725, 0
4096, 1726, 1726, 0
4096, 1727, 1727, 0
4096, 1728, 1728, 0
4096, 1729, 1729, 0
4096, 1730, 1730, 0
4096, 1731, 1731, 0
4096, 1732, 1732, 0
4096, 1733, 1733, 0
4096, 1734, 1734, 0
4096, 1735, 1735, 0
4096, 1736, 1736, 0
4096, 1737, 1737, 0
4096, 1738, 1738, 0
4096, 1739, 1739, 0
4096, 1740, 1740, 0
4096, 1741, 1741, 0
4096, 1742, 1742, 0
4096, 1743, 1743, 0
4096, 1744, 1744, 0
4096, 1745, 1745, 0
4096, 1746, 1746, 0
4096, 1747, 1747, 0
4096, 1748, 1748, 0
4096, 1749, 1749, 0
4096, 1750, 1750, 0
4096, 1751, 1751, 0
4096, 1752, 1752, 0
4096, 1753, 1753, 0
4096, 1754, 1754, 0
4096, 1755, 1755, 0
4096, 1756, 1756, 0
4096, 1757, 1757, 0
4096, 1758, 1758, 0
4096, 1759, 1759, 0
4096, 1760, 1760, 0
4096, 1761, 1761, 0
4096, 1762, 1762, 0
4096, 1763, 1763, 0
4096, 1764, 1764, 0
4096, 1765, 1765, 0
4096, 1766, 1766, 0
4096, 1767, 1767, 0
4096, 1768, 1768, 0
4096, 1769, 1769, 0
4096, 1770, 1770, 0
4096, 1771, 1771, 0
4096, 1772, 1772, 0
4096, 1773, 1773, 0
4096, 1774, 1774, 0
4096, 1775, 1775, 0
4096, 1776, 1776, 0
4096, 1777, 1777, 0
4096, 1778, 1778, 0
4096, 1779, 1779, 0
4096, 1780, 1780, 0
4096, 1781, 1781, 0
4096, 1782, 1782, 0
4096, 1783, 1783, 0
4096, 1784, 1784, 0
4096, 1785, 1785, 0
4096, 1786, 1786, 0
4096, 1787, 1787, 0
4096, 1788, 1788, 0
4096, 1789, 1789, 0
4096, 1790, 1790, 0
4096, 1791, 1791, 0
4096, 1792, 1792, 0
4096, 1793, 1793, 0
4096, 1794, 1794, 0
4096, 1795, 1795, 0
4096, 1796, 1796, 0
4096, 1797, 1797, 0
4096, 1798, 1798, 0
4096, 1799, 1799, 0
4096, 1800, 1800, 0
4096, 1801, 1801, 0
4096, 1802, 1802, 0
4096, 1803, 1803, 0
4096, 1804, 1804, 0
4096, 1805, 1805, 0
4096, 1806, 1806, 0
4096, 1807, 1807, 0
4096, 1808, 1808, 0
4096, 1809, 1809, 0
4096, 1810, 1810, 0
4096, 1811, 1811, 0
4096, 1812, 1812, 0
4096, 1813, 1813, 0
4096, 1814, 1814, 0
4096, 1815, 1815, 0
4096, 1816, 1816, 0
4096, 1817, 1817, 0
4096, 1818, 1818, 0
4096, 1819, 1819, 0
4096, 1820, 1820, 0
4096, 1821, 1821, 0
4096, 1822, 1822, 0
4096, 1823, 1823, 0
4096, 1824, 1824, 0
4096, 1825, 1825, 0
4096, 1826, 1826, 0
4096, 1827, 1827, 0
4096, 1828, 1828, 0
4096, 1829, 1829, 0
4096, 1830, 1830, 0
4096, 1831, 1831, 0
4096, 1832, 1832, 0
4096, 1833, 1833, 0
4096, 1834, 1834, 0
4096, 1835, 1835, 0
4096, 1836, 1836, 0
4096, 1837, 1837, 0
4096, 1838, 1838, 0
4096, 1839, 1839, 0
4096, 1840, 1840, 0
4096, 1841, 1841, 0
4096, 1842, 1842, 0
4096, 1843, 1843, 0
4096, 1844, 1844, 0
4096, 1845, 1845, 0
4096, 1846, 1846, 0
4096, 1847, 1847, 0
4096, 1848, 1848, 0
4096, 1849, 1849, 0
4096, 1850, 1850, 0
4096, 1851, 1851, 0
4096, 1852, 1852, 0
4096, 1853, 1853, 0
4096, 1854, 1854, 0
4096, 1855, 1855, 0
4096, 1856, 1856, 0
4096, 1857, 1857, 0
4096, 1858, 1858, 0
4096, 1859, 1859, 0
4096, 1860, 1860, 0
4096, 1861, 1861, 0
4096, 1862, 1862, 0
4096, 1863, 1863, 0
4096, 1864, 1864, 0
4096, 1865, 1865, 0
4096, 1866, 1866, 0
4096, 1867, 1867, 0
4096, 1868, 1868, 0
4096, 1869, 1869, 0
4096, 1870, 1870, 0
4096, 1871, 1871, 0
4096, 1872, 1872, 0
4096, 1873, 1873, 0
4096, 1874, 1874, 0
4096, 1875, 1875, 0
4096, 1876, 1876, 0
4096, 1877, 1877, 0
4096, 1878, 1878, 0
4096, 1879, 1879, 0
4096, 1880, 1880, 0
4096, 1881, 1881, 0
4096, 1882, 1882, 0
4096, 1883, 1883, 0
4096, 1884, 1884, 0
4096, 1885, 1885, 0
4096, 1886, 1886, 0
4096, 1887, 1887, 0
4096, 1888, 1888, 0
4096, 1889, 1889, 0
4096, 1890, 1890, 0
4096, 1891, 1891, 0
4096, 1892, 1892, 0
4096, 1893, 1893, 0
4096, 1894, 1894, 0
4096, 1895, 1895, 0
4096, 1896, 1896, 0
4096, 1897, 1897, 0
4096, 1898, 1898, 0
4096, 1899, 1899, 0
4096, 1900, 1900, 0
4096, 1901, 1901, 0
4096, 1902, 1902, 0
4096, 1903, 1903, 0
4096, 1904, 1904, 0
4096, 1905, 1905, 0
4096, 1906, 1906, 0
4096, 1907, 1907, 0
4096, 1908, 1908, 0
4096, 1909, 1909, 0
4096, 1910, 1910, 0
4096, 1911, 1911, 0
4096, 1912, 1912, 0
4096, 1913, 1913, 0
4096, 1914, 1914, 0
4096, 1915, 1915, 0
4096, 1916, 1916, 0
4096, 1917, 1917, 0
4096, 1918, 1918, 0
4096, 1919, 1919, 0
4096, 1920, 1920, 0
4096, 1921, 1921, 0
4096, 1922, 1922, 0
4096, 1923, 1923, 0
4096, 1924, 1924, 0
4096, 1925, 1925, 0
4096, 1926, 1926, 0
4096, 1927, 1927, 0
4096, 1928, 1928, 0
4096, 1929, 1929, 0
4096, 1930, 1930, 0
4096, 1931, 1931, 0
4096, 1932, 1932, 0
4096, 1933, 1933, 0
4096, 1934, 1934, 0
4096, 1935, 1935, 0
4096, 1936, 1936, 0
4096, 1937, 1937, 0
4096, 1938, 1938, 0
4096, 1939, 1939, 0
4096, 1940, 1940, 0
4096, 1941, 1941, 0
4096, 1942, 1942, 0
4096, 1943, 1943, 0
4096, 1944, 1944, 0
4096, 1945, 1945, 0
4096, 1946, 1946, 0
4096, 1947, 1947, 0
4096, 1948, 1948, 0
4096, 1949, 1949, 0
4096, 1950, 1950, 0
4096, 1951, 1951, 0
4096, 1952, 1952, 0
4096, 1953, 1953, 0
4096, 1954, 1954, 0
4096, 1955, 1955, 0
4096, 1956, 1956, 0
4096, 1957, 1957, 0
4096, 1958, 1958, 0
4096, 1959, 1959, 0
4096, 1960, 1960, 0
4096, 1961, 1961, 0
4096, 1962, 1962, 0
4096, 1963, 1963, 0
4096, 1964, 1964, 0
4096, 1965, 1965, 0
4096, 1966, 1966, 0
4096, 1967, 1967, 0
4096, 1968, 1968, 0
4096, 1969, 1969, 0
4096, 1970, 1970, 0
4096, 1971, 1971, 0
4096, 1972, 1972, 0
4096, 1973, 1973, 0
4096, 1974, 1974, 0
4096, 1975, 1975, 0
4096, 1976, 1976, 0
4096, 1977, 1977, 0
4096, 1978, 1978, 0
4096, 1979, 1979, 0
4096, 1980, 1980, 0
4096, 1981, 1981, 0
4096, 1982, 1982, 0
4096, 1983, 1983, 0
4096, 1984, 1984, 0
4096, 1985, 1985, 0
4096, 1986, 1986, 0
4096, 1987, 1987, 0
4096, 1988, 1988, 0
4096, 1989, 1989, 0
4096, 1990, 1990, 0
4096, 1991, 1991, 0
4096, 1992, 1992, 0
4096, 1993, 1993, 0
4096, 1994, 1994, 0
4096, 1995, 1995, 0
4096, 1996, 1996, 0
4096, 1997, 1997, 0
4096, 1998, 1998, 0
4096, 1999, 1999, 0
4096, 2000, 2000, 0
4096, 2001, 2001, 0
4096, 2002, 2002, 0
4096, 2003, 2003, 0
4096, 2004, 2004, 0
4096, 2005, 2005, 0
4096, 2006, 2006, 0
4096, 2007, 2007, 0
4096, 2008, 2008, 0
4096, 2009, 2009, 0
4096, 2010, 2010, 0
4096, 2011, 2011, 0
4096, 2012, 2012, 0
4096, 2013, 2013, 0
4096, 2014, 2014, 0
4096, 2015, 2015, 0
4096, 2016, 2016, 0
4096, 2017, 2017, 0
4096, 2018, 2018, 0
4096, 2019, 2019, 0
4096, 2020, 2020, 0
4096, 2021, 2021, 0
4096, 2022, 2022, 0
4096, 2023, 2023, 0
4096, 2024, 2024, 0
4096, 2025, 2025, 0
4096, 2026, 2026, 0
4096, 2027, 2027, 0
4096, 2028, 2028, 0
4096, 2029, 2029, 0
4096, 2030, 2030, 0
4096, 2031, 2031, 0
4096, 2032, 2032, 0
4096, 2033, 2033, 0
4096, 2034, 2034, 0
4096, 2035, 2035, 0
4096, 2036, 2036, 0
4096, 2037, 2037, 0
4096, 2038, 2038, 0
4096, 2039, 2039, 0
4096, 2040, 2040, 0
4096, 2041, 2041, 0
4096, 2042, 2042, 0
4096, 2043, 2043, 0
4096, 2044, 2044, 0
4096, 2045, 2045, 0
4096, 2046, 2046, 0
4096, 2047, 2047, 0
4096, 2048, 2048, 0
4096, 2049, 2049, 0
4096, 2050, 2050, 0
4096, 2051, 2051, 0
4096, 2052, 2052, 0
4096, 2053, 2053, 0
4096, 2054, 2054, 0
4096, 2055, 2055, 0
4096, 2056, 2056, 0
4096, 2057, 2057, 0
4096, 2058, 2058, 0
4096, 2059, 2059, 0
4096, 2060, 2060, 0
4096, 2061, 2061, 0
4096, 2062, 2062, 0
4096, 2063, 2063, 0
4096, 2064, 2064, 0
4096, 2065, 2065, 0
4096, 2066, 2066, 0
4096, 2067, 2067, 0
4096, 2068, 2068, 0
4096, 2069, 2069, 0
4096, 2070, 2070, 0
4096, 2071, 2071, 0
4096, 2072, 2072, 0
4096, 2073, 2073, 0
4096, 2074, 2074, 0
4096, 2075, 2075, 0
4096, 2076, 2076, 0
4096, 2077, 2077, 0
4096, 2078, 2078, 0
4096, 2079, 2079, 0
4096, 2080, 2080, 0
4096, 2081, 2081, 0
4096, 2082, 2082, 0
4096, 2083, 2083, 0
4096, 2084, 2084, 0
4096, 2085, 2085, 0
4096, 2086, 2086, 0
4096, 2087, 2087, 0
4096, 2088, 2088, 0
4096, 2089, 2089, 0
4096, 2090, 2090, 0
4096, 2091, 2091, 0
4096, 2092, 2092, 0
4096, 2093, 2093, 0
4096, 2094, 2094, 0
4096, 2095, 2095, 0
4096, 2096, 2096, 0
4096, 2097, 2097, 0
4096, 2098, 2098, 0
4096, 2099, 2099, 0
4096, 2100, 2100, 0
4096, 2101, 2101, 0
4096, 2102, 2102, 0
4096, 2103, 2103, 0
4096, 2104, 2104, 0
4096, 2105, 2105, 0
4096, 2106, 2106, 0
4096, 2107, 2107, 0
4096, 2108, 2108, 0
4096, 2109, 2109, 0
4096, 2110, 2110, 0
4096, 2111, 2111, 0
4096, 2112, 2112, 0
4096, 2113, 2113, 0
4096, 2114, 2114, 0
4096, 2115, 2115, 0
4096, 2116, 2116, 0
4096, 2117, 2117, 0
4096, 2118, 2118, 0
4096, 2119, 2119, 0
4096, 2120, 2120, 0
4096, 2121, 2121, 0
4096, 2122, 2122, 0
4096, 2123, 2123, 0
4096, 2124, 2124, 0
4096, 2125, 2125, 0
4096, 2126, 2126, 0
4096, 2127, 2127, 0
4096, 2128, 2128, 0
4096, 2129, 2129, 0
4096, 2130, 2130, 0
4096, 2131, 2131, 0
4096, 2132, 2132, 0
4096, 2133, 2133, 0
4096, 2134, 2134, 0
4096, 2135, 2135, 0
4096, 2136, 2136, 0
4096, 2137, 2137, 0
4096, 2138, 2138, 0
4096, 2139, 2139, 0
4096, 2140, 2140, 0
4096, 2141, 2141, 0
4096, 2142, 2142, 0
4096, 2143, 2143, 0
4096, 2144, 2144, 0
4096, 2145, 2145, 0
4096, 2146, 2146, 0
4096, 2147, 2147, 0
4096, 2148, 2148, 0
4096, 2149, 2149, 0
4096, 2150, 2150, 0
4096, 2151, 2151, 0
4096, 2152, 2152, 0
4096, 2153, 2153, 0
4096, 2154, 2154, 0
4096, 2155, 2155, 0
4096, 2156, 2156, 0
4096, 2157, 2157, 0
4096, 2158, 2158, 0
4096, 2159, 2159, 0
4096, 2160, 2160, 0
4096, 2161, 2161, 0
4096, 2162, 2162, 0
4096, 2163, 2163, 0
4096, 2164, 2164, 0
4096, 2165, 2165, 0
4096, 2166, 2166, 0
4096, 2167, 2167, 0
4096, 2168, 2168, 0
4096, 2169, 2169, 0
4096, 2170, 2170, 0
4096, 2171, 2171, 0
4096, 2172, 2172, 0
4096, 2173, 2173, 0
4096, 2174, 2174, 0
4096, 2175, 2175, 0
4096, 2176, 2176, 0
4096, 2177, 2177, 0
4096, 2178, 2178, 0
4096, 2179, 2179, 0
4096, 2180, 2180, 0
4096, 2181, 2181, 0
4096, 2182, 2182, 0
4096, 2183, 2183, 0
4096, 2184, 2184, 0
4096, 2185, 2185, 0
4096, 2186, 2186, 0
4096, 2187, 2187, 0
4096, 2188, 2188, 0
4096, 2189, 2189, 0
4096, 2190, 2190, 0
4096, 2191, 2191, 0
4096, 2192, 2192, 0
4096, 2193, 2193, 0
4096, 2194, 2194, 0
4096, 2195, 2195, 0
4096, 2196, 2196, 0
4096, 2197, 2197, 0
4096, 2198, 2198, 0
4096, 2199, 2199, 0
4096, 2200, 2200, 0
4096, 2201, 2201, 0
4096, 2202, 2202, 0
4096, 2203, 2203, 0
4096, 2204, 2204, 0
4096, 2205, 2205, 0
4096, 2206, 2206, 0
4096, 2207, 2207, 0
4096, 2208, 2208, 0
4096, 2209, 2209, 0
4096, 2210, 2210, 0
4096, 2211, 2211, 0
4096, 2212, 2212, 0
4096, 2213, 2213, 0
4096, 2214, 2214, 0
4096, 2215, 2215, 0
4096, 2216, 2216, 0
4096, 2217, 2217, 0
4096, 2218, 2218, 0
4096, 2219, 2219, 0
4096, 2220, 2220, 0
4096, 2221, 2221, 0
4096, 2222, 2222, 0
4096, 2223, 2223, 0
4096, 2224, 2224, 0
4096, 2225, 2225, 0
4096, 2226, 2226, 0
4096, 2227, 2227, 0
4096, 2228, 2228, 0
4096, 2229, 2229, 0
4096, 2230, 2230, 0
4096, 2231, 2231, 0
4096, 2232, 2232, 0
4096, 2233, 2233, 0
4096, 2234, 2234, 0
4096, 2235, 2235, 0
4096, 2236, 2236, 0
4096, 2237, 2237, 0
4096, 2238, 2238, 0
4096, 2239, 2239, 0
4096, 2240, 2240, 0
4096, 2241, 2241, 0
4096, 2242, 2242, 0
4096, 2243, 2243, 0
4096, 2244, 2244, 0
4096, 2245, 2245, 0
4096, 2246, 2246, 0
4096, 2247, 2247, 0
4096, 2248, 2248, 0
4096, 2249, 2249, 0
4096, 2250, 2250, 0
4096, 2251, 2251, 0
4096, 2252, 2252, 0
4096, 2253, 2253, 0
4096, 2254, 2254, 0
4096, 2255, 2255, 0
4096, 2256, 2256, 0
4096, 2257, 2257, 0
4096, 2258, 2258, 0
4096, 2259, 2259, 0
4096, 2260, 2260, 0
4096, 2261, 2261, 0
4096, 2262, 2262, 0
4096, 2263, 2263, 0
4096, 2264, 2264, 0
4096, 2265, 2265, 0
4096, 2266, 2266, 0
4096, 2267, 2267, 0
4096, 2268, 2268, 0
4096, 2269, 2269, 0
4096, 2270, 2270, 0
4096, 2271, 2271, 0
4096, 2272, 2272, 0
4096, 2273, 2273, 0
4096, 2274, 2274, 0
4096, 2275, 2275, 0
4096, 2276, 2276, 0
4096, 2277, 2277, 0
4096, 2278, 2278, 0
4096, 2279, 2279, 0
4096, 2280, 2280, 0
4096, 2281, 2281, 0
4096, 2282, 2282, 0
4096, 2283, 2283, 0
4096, 2284, 2284, 0
4096, 2285, 2285, 0
4096, 2286, 2286, 0
4096, 2287, 2287, 0
4096, 2288, 2288, 0
4096, 2289, 2289, 0
4096, 2290, 2290, 0
4096, 2291, 2291, 0
4096, 2292, 2292, 0
4096, 2293, 2293, 0
4096, 2294, 2294, 0
4096, 2295, 2295, 0
4096, 2296, 2296, 0
4096, 2297, 2297, 0
4096, 2298, 2298, 0
4096, 2299, 2299, 0
4096, 2300, 2300, 0
4096, 2301, 2301, 0
4096, 2302, 2302, 0
4096, 2303, 2303, 0
4096, 2304, 2304, 0
4096, 2305, 2305, 0
4096, 2306, 2306, 0
4096, 2307, 2307, 0
4096, 2308, 2308, 0
4096, 2309, 2309, 0
4096, 2310, 2310, 0
4096, 2311, 2311, 0
4096, 2312, 2312, 0
4096, 2313, 2313, 0
4096, 2314, 2314, 0
4096, 2315, 2315, 0
4096, 2316, 2316, 0
4096, 2317, 2317, 0
4096, 2318, 2318, 0
4096, 2319, 2319, 0
4096, 2320, 2320, 0
4096, 2321, 2321, 0
4096, 2322, 2322, 0
4096, 2323, 2323, 0
4096, 2324, 2324, 0
4096, 2325, 2325, 0
4096, 2326, 2326, 0
4096, 2327, 2327, 0
4096, 2328, 2328, 0
4096, 2329, 2329, 0
4096, 2330, 2330, 0
4096, 2331, 2331, 0
4096, 2332, 2332, 0
4096, 2333, 2333, 0
4096, 2334, 2334, 0
4096, 2335, 2335, 0
4096, 2336, 2336, 0
4096, 2337, 2337, 0
4096, 2338, 2338, 0
4096, 2339, 2339, 0
4096, 2340, 2340, 0
4096, 2341, 2341, 0
4096, 2342, 2342, 0
4096, 2343, 2343, 0
4096, 2344, 2344, 0
4096, 2345, 2345, 0
4096, 2346, 2346, 0
4096, 2347, 2347, 0
4096, 2348, 2348, 0
4096, 2349, 2349, 0
4096, 2350, 2350, 0
4096, 2351, 2351, 0
4096, 2352, 2352, 0
4096, 2353, 2353, 0
4096, 2354, 2354, 0
4096, 2355, 2355, 0
4096, 2356, 2356, 0
4096, 2357, 2357, 0
4096, 2358, 2358, 0
4096, 2359, 2359, 0
4096, 2360, 2360, 0
4096, 2361, 2361, 0
4096, 2362, 2362, 0
4096, 2363, 2363, 0
4096, 2364, 2364, 0
4096, 2365, 2365, 0
4096, 2366, 2366, 0
4096, 2367, 2367, 0
4096, 2368, 2368, 0
4096, 2369, 2369, 0
4096, 2370, 2370, 0
4096, 2371, 2371, 0
4096, 2372, 2372, 0
4096, 2373, 2373, 0
4096, 2374, 2374, 0
4096, 2375, 2375, 0
4096, 2376, 2376, 0
4096, 2377, 2377, 0
4096, 2378, 2378, 0
4096, 2379, 2379, 0
4096, 2380, 2380, 0
4096, 2381, 2381, 0
4096, 2382, 2382, 0
4096, 2383, 2383, 0
4096, 2384, 2384, 0
4096, 2385, 2385, 0
4096, 2386, 2386, 0
4096, 2387, 2387, 0
4096, 2388, 2388, 0
4096, 2389, 2389, 0
4096, 2390, 2390, 0
4096, 2391, 2391, 0
4096, 2392, 2392, 0
4096, 2393, 2393, 0
4096, 2394, 2394, 0
4096, 2395, 2395, 0
4096, 2396, 2396, 0
4096, 2397, 2397, 0
4096, 2398, 2398, 0
4096, 2399, 2399, 0
4096, 2400, 2400, 0
4096, 2401, 2401, 0
4096, 2402, 2402, 0
4096, 2403, 2403, 0
4096, 2404, 2404, 0
4096, 2405, 2405, 0
4096, 2406, 2406, 0
4096, 2407, 2407, 0
4096, 2408, 2408, 0
4096, 2409, 2409, 0
4096, 2410, 2410, 0
4096, 2411, 2411, 0
4096, 2412, 2412, 0
4096, 2413, 2413, 0
4096, 2414, 2414, 0
4096, 2415, 2415, 0
4096, 2416, 2416, 0
4096, 2417, 2417, 0
4096, 2418, 2418, 0
4096, 2419, 2419, 0
4096, 2420, 2420, 0
4096, 2421, 2421, 0
4096, 2422, 2422, 0
4096, 2423, 2423, 0
4096, 2424, 2424, 0
4096, 2425, 2425, 0
4096, 2426, 2426, 0
4096, 2427, 2427, 0
4096, 2428, 2428, 0
4096, 2429, 2429, 0
4096, 2430, 2430, 0
4096, 2431, 2431, 0
4096, 2432, 2432, 0
4096, 2433, 2433, 0
4096, 2434, 2434, 0
4096, 2435, 2435, 0
4096, 2436, 2436, 0
4096, 2437, 2437, 0
4096, 2438, 2438, 0
4096, 2439, 2439, 0
4096, 2440, 2440, 0
4096, 2441, 2441, 0
4096, 2442, 2442, 0
4096, 2443, 2443, 0
4096, 2444, 2444, 0
4096, 2445, 2445, 0
4096, 2446, 2446, 0
4096, 2447, 2447, 0
4096, 2448, 2448, 0
4096, 2449, 2449, 0
4096, 2450, 2450, 0
4096, 2451, 2451, 0
4096, 2452, 2452, 0
4096, 2453, 2453, 0
4096, 2454, 2454, 0
4096, 2455, 2455, 0
4096, 2456, 2456, 0
4096, 2457, 2457, 0
4096, 2458, 2458, 0
4096, 2459, 2459, 0
4096, 2460, 2460, 0
4096, 2461, 2461, 0
4096, 2462, 2462, 0
4096, 2463, 2463, 0
4096, 2464, 2464, 0
4096, 2465, 2465, 0
4096, 2466, 2466, 0
4096, 2467, 2467, 0
4096, 2468, 2468, 0
4096, 2469, 2469, 0
4096, 2470, 2470, 0
4096, 2471, 2471, 0
4096, 2472, 2472, 0
4096, 2473, 2473, 0
4096, 2474, 2474, 0
4096, 2475, 2475, 0
4096, 2476, 2476, 0
4096, 2477, 2477, 0
4096, 2478, 2478, 0
4096, 2479, 2479, 0
4096, 2480, 2480, 0
4096, 2481, 2481, 0
4096, 2482, 2482, 0
4096, 2483, 2483, 0
4096, 2484, 2484, 0
4096, 2485, 2485, 0
4096, 2486, 2486, 0
4096, 2487, 2487, 0
4096, 2488, 2488, 0
4096, 2489, 2489, 0
4096, 2490, 2490, 0
4096, 2491, 2491, 0
4096, 2492, 2492, 0
4096, 2493, 2493, 0
4096, 2494, 2494, 0
4096, 2495, 2495, 0
4096, 2496, 2496, 0
4096, 2497, 2497, 0
4096, 2498, 2498, 0
4096, 2499, 2499, 0
4096, 2500, 2500, 0
4096, 2501, 2501, 0
4096, 2502, 2502, 0
4096, 2503, 2503, 0
4096, 2504, 2504, 0
4096, 2505, 2505, 0
4096, 2506, 2506, 0
4096, 2507, 2507, 0
4096, 2508, 2508, 0
4096, 2509, 2509, 0
4096, 2510, 2510, 0
4096, 2511, 2511, 0
4096, 2512, 2512, 0
4096, 2513, 2513, 0
4096, 2514, 2514, 0
4096, 2515, 2515, 0
4096, 2516, 2516, 0
4096, 2517, 2517, 0
4096, 2518, 2518, 0
4096, 2519, 2519, 0
4096, 2520, 2520, 0
4096, 2521, 2521, 0
4096, 2522, 2522, 0
4096, 2523, 2523, 0
4096, 2524, 2524, 0
4096, 2525, 2525, 0
4096, 2526, 2526, 0
4096, 2527, 2527, 0
4096, 2528, 2528, 0
4096, 2529, 2529, 0
4096, 2530, 2530, 0
4096, 2531, 2531, 0
4096, 2532, 2532, 0
4096, 2533, 2533, 0
4096, 2534, 2534, 0
4096, 2535, 2535, 0
4096, 2536, 2536, 0
4096, 2537, 2537, 0
4096, 2538, 2538, 0
4096, 2539, 2539, 0
4096, 2540, 2540, 0
4096, 2541, 2541, 0
4096, 2542, 2542, 0
4096, 2543, 2543, 0
4096, 2544, 2544, 0
4096, 2545, 2545, 0
4096, 2546, 2546, 0
4096, 2547, 2547, 0
4096, 2548, 2548, 0
4096, 2549, 2549, 0
4096, 2550, 2550, 0
4096, 2551, 2551, 0
4096, 2552, 2552, 0
4096, 2553, 2553, 0
4096, 2554, 2554, 0
4096, 2555, 2555, 0
4096, 2556, 2556, 0
4096, 2557, 2557, 0
4096, 2558, 2558, 0
4096, 2559, 2559, 0
4096, 2560, 2560, 0
4096, 2561, 2561, 0
4096, 2562, 2562, 0
4096, 2563, 2563, 0
4096, 2564, 2564, 0
4096, 2565, 2565, 0
4096, 2566, 2566, 0
4096, 2567, 2567, 0
4096, 2568, 2568, 0
4096, 2569, 2569, 0
4096, 2570, 2570, 0
4096, 2571, 2571, 0
4096, 2572, 2572, 0
4096, 2573, 2573, 0
4096, 2574, 2574, 0
4096, 2575, 2575, 0
4096, 2576, 2576, 0
4096, 2577, 2577, 0
4096, 2578, 2578, 0
4096, 2579, 2579, 0
4096, 2580, 2580, 0
4096, 2581, 2581, 0
4096, 2582, 2582, 0
4096, 2583, 2583, 0
4096, 2584, 2584, 0
4096, 2585, 2585, 0
4096, 2586, 2586, 0
4096, 2587, 2587, 0
4096, 2588, 2588, 0
4096, 2589, 2589, 0
4096, 2590, 2590, 0
4096, 2591, 2591, 0
4096, 2592, 2592, 0
4096, 2593, 2593, 0
4096, 2594, 2594, 0
4096, 2595, 2595, 0
4096, 2596, 2596, 0
4096, 2597, 2597, 0
4096, 2598, 2598, 0
4096, 2599, 2599, 0
4096, 2600, 2600, 0
4096, 2601, 2601, 0
4096, 2602, 2602, 0
4096, 2603, 2603, 0
4096, 2604, 2604, 0
4096, 2605, 2605, 0
4096, 2606, 2606, 0
4096, 2607, 2607, 0
4096, 2608, 2608, 0
4096, 2609, 2609, 0
4096, 2610, 2610, 0
4096, 2611, 2611, 0
4096, 2612, 2612, 0
4096, 2613, 2613, 0
4096, 2614, 2614, 0
4096, 2615, 2615, 0
4096, 2616, 2616, 0
4096, 2617, 2617, 0
4096, 2618, 2618, 0
4096, 2619, 2619, 0
4096, 2620, 2620, 0
4096, 2621, 2621, 0
4096, 2622, 2622, 0
4096, 2623, 2623, 0
4096, 2624, 2624, 0
4096, 2625, 2625, 0
4096, 2626, 2626, 0
4096, 2627, 2627, 0
4096, 2628, 2628, 0
4096, 2629, 2629, 0
4096, 2630, 2630, 0
4096, 2631, 2631, 0
4096, 2632, 2632, 0
4096, 2633, 2633, 0
4096, 2634, 2634, 0
4096, 2635, 2635, 0
4096, 2636, 2636, 0
4096, 2637, 2637, 0
4096, 2638, 2638, 0
4096, 2639, 2639, 0
4096, 2640, 2640, 0
4096, 2641, 2641, 0
4096, 2642, 2642, 0
4096, 2643, 2643, 0
4096, 2644, 2644, 0
4096, 2645, 2645, 0
4096, 2646, 2646, 0
4096, 2647, 2647, 0
4096, 2648, 2648, 0
4096, 2649, 2649, 0
4096, 2650, 2650, 0
4096, 2651, 2651, 0
4096, 2652, 2652, 0
4096, 2653, 2653, 0
4096, 2654, 2654, 0
4096, 2655, 2655, 0
4096, 2656, 2656, 0
4096, 2657, 2657, 0
4096, 2658, 2658, 0
4096, 2659, 2659, 0
4096, 2660, 2660, 0
4096, 2661, 2661, 0
4096, 2662, 2662, 0
4096, 2663, 2663, 0
4096, 2664, 2664, 0
4096, 2665, 2665, 0
4096, 2666, 2666, 0
4096, 2667, 2667, 0
4096, 2668, 2668, 0
4096, 2669, 2669, 0
4096, 2670, 2670, 0
4096, 2671, 2671, 0
4096, 2672, 2672, 0
4096, 2673, 2673, 0
4096, 2674, 2674, 0
4096, 2675, 2675, 0
4096, 2676, 2676, 0
4096, 2677, 2677, 0
4096, 2678, 2678, 0
4096, 2679, 2679, 0
4096, 2680, 2680, 0
4096, 2681, 2681, 0
4096, 2682, 2682, 0
4096, 2683, 2683, 0
4096, 2684, 2684, 0
4096, 2685, 2685, 0
4096, 2686, 2686, 0
4096, 2687, 2687, 0
4096, 2688, 2688, 0
4096, 2689, 2689, 0
4096, 2690, 2690, 0
4096, 2691, 2691, 0
4096, 2692, 2692, 0
4096, 2693, 2693, 0
4096, 2694, 2694, 0
4096, 2695, 2695, 0
4096, 2696, 2696, 0
4096, 2697, 2697, 0
4096, 2698, 2698, 0
4096, 2699, 2699, 0
4096, 2700, 2700, 0
4096, 2701, 2701, 0
4096, 2702, 2702, 0
4096, 2703, 2703, 0
4096, 2704, 2704, 0
4096, 2705, 2705, 0
4096, 2706, 2706, 0
4096, 2707, 2707, 0
4096, 2708, 2708, 0
4096, 2709, 2709, 0
4096, 2710, 2710, 0
4096, 2711, 2711, 0
4096, 2712, 2712, 0
4096, 2713, 2713, 0
4096, 2714, 2714, 0
4096, 2715, 2715, 0
4096, 2716, 2716, 0
4096, 2717, 2717, 0
4096, 2718, 2718, 0
4096, 2719, 2719, 0
4096, 2720, 2720, 0
4096, 2721, 2721, 0
4096, 2722, 2722, 0
4096, 2723, 2723, 0
4096, 2724, 2724, 0
4096, 2725, 2725, 0
4096, 2726, 2726, 0
4096, 2727, 2727, 0
4096, 2728, 2728, 0
4096, 2729, 2729, 0
4096, 2730, 2730, 0
4096, 2731, 2731, 0
4096, 2732, 2732, 0
4096, 2733, 2733, 0
4096, 2734, 2734, 0
4096, 2735, 2735, 0
4096, 2736, 2736, 0
4096, 2737, 2737, 0
4096, 2738, 2738, 0
4096, 2739, 2739, 0
4096, 2740, 2740, 0
4096, 2741, 2741, 0
4096, 2742, 2742, 0
4096, 2743, 2743, 0
4096, 2744, 2744, 0
4096, 2745, 2745, 0
4096, 2746, 2746, 0
4096, 2747, 2747, 0
4096, 2748, 2748, 0
4096, 2749, 2749, 0
4096, 2750, 2750, 0
4096, 2751, 2751, 0
4096, 2752, 2752, 0
4096, 2753, 2753, 0
4096, 2754, 2754, 0
4096, 2755, 2755, 0
4096, 2756, 2756, 0
4096, 2757, 2757, 0
4096, 2758, 2758, 0
4096, 2759, 2759, 0
4096, 2760, 2760, 0
4096, 2761, 2761, 0
4096, 2762, 2762, 0
4096, 2763, 2763, 0
4096, 2764, 2764, 0
4096, 2765, 2765, 0
4096, 2766, 2766, 0
4096, 2767, 2767, 0
4096, 2768, 2768, 0
4096, 2769, 2769, 0
4096, 2770, 2770, 0
4096, 2771, 2771, 0
4096, 2772, 2772, 0
4096, 2773, 2773, 0
4096, 2774, 2774, 0
4096, 2775, 2775, 0
4096, 2776, 2776, 0
4096, 2777, 2777, 0
4096, 2778, 2778, 0
4096, 2779, 2779, 0
4096, 2780, 2780, 0
4096, 2781, 2781, 0
4096, 2782, 2782, 0
4096, 2783, 2783, 0
4096, 2784, 2784, 0
4096, 2785, 2785, 0
4096, 2786, 2786, 0
4096, 2787, 2787, 0
4096, 2788, 2788, 0
4096, 2789, 2789, 0
4096, 2790, 2790, 0
4096, 2791, 2791, 0
4096, 2792, 2792, 0
4096, 2793, 2793, 0
4096, 2794, 2794, 0
4096, 2795, 2795, 0
4096, 2796, 2796, 0
4096, 2797, 2797, 0
4096, 2798, 2798, 0
4096, 2799, 2799, 0
4096, 2800, 2800, 0
4096, 2801, 2801, 0
4096, 2802, 2802, 0
4096, 2803, 2803, 0
4096, 2804, 2804, 0
4096, 2805, 2805, 0
4096, 2806, 2806, 0
4096, 2807, 2807, 0
4096, 2808, 2808, 0
4096, 2809, 2809, 0
4096, 2810, 2810, 0
4096, 2811, 2811, 0
4096, 2812, 2812, 0
4096, 2813, 2813, 0
4096, 2814, 2814, 0
4096, 2815, 2815, 0
4096, 2816, 2816, 0
4096, 2817, 2817, 0
4096, 2818, 2818, 0
4096, 2819, 2819, 0
4096, 2820, 2820, 0
4096, 2821, 2821, 0
4096, 2822, 2822, 0
4096, 2823, 2823, 0
4096, 2824, 2824, 0
4096, 2825, 2825, 0
4096, 2826, 2826, 0
4096, 2827, 2827, 0
4096, 2828, 2828, 0
4096, 2829, 2829, 0
4096, 2830, 2830, 0
4096, 2831, 2831, 0
4096, 2832, 2832, 0
4096, 2833, 2833, 0
4096, 2834, 2834, 0
4096, 2835, 2835, 0
4096, 2836, 2836, 0
4096, 2837, 2837, 0
4096, 2838, 2838, 0
4096, 2839, 2839, 0
4096, 2840, 2840, 0
4096, 2841, 2841, 0
4096, 2842, 2842, 0
4096, 2843, 2843, 0
4096, 2844, 2844, 0
4096, 2845, 2845, 0
4096, 2846, 2846, 0
4096, 2847, 2847, 0
4096, 2848, 2848, 0
4096, 2849, 2849, 0
4096, 2850, 2850, 0
4096, 2851, 2851, 0
4096, 2852, 2852, 0
4096, 2853, 2853, 0
4096, 2854, 2854, 0
4096, 2855, 2855, 0
4096, 2856, 2856, 0
4096, 2857, 2857, 0
4096, 2858, 2858, 0
4096, 2859, 2859, 0
4096, 2860, 2860, 0
4096, 2861, 2861, 0
4096, 2862, 2862, 0
4096, 2863, 2863, 0
4096, 2864, 2864, 0
4096, 2865, 2865, 0
4096, 2866, 2866, 0
4096, 2867, 2867, 0
4096, 2868, 2868, 0
4096, 2869, 2869, 0
4096, 2870, 2870, 0
4096, 2871, 2871, 0
4096, 2872, 2872, 0
4096, 2873, 2873, 0
4096, 2874, 2874, 0
4096, 2875, 2875, 0
4096, 2876, 2876, 0
4096, 2877, 2877, 0
4096, 2878, 2878, 0
4096, 2879, 2879, 0
4096, 2880, 2880, 0
4096, 2881, 2881, 0
4096, 2882, 2882, 0
4096, 2883, 2883, 0
4096, 2884, 2884, 0
4096, 2885, 2885, 0
4096, 2886, 2886, 0
4096, 2887, 2887, 0
4096, 2888, 2888, 0
4096, 2889, 2889, 0
4096, 2890, 2890, 0
4096, 2891, 2891, 0
4096, 2892, 2892, 0
4096, 2893, 2893, 0
4096, 2894, 2894, 0
4096, 2895, 2895, 0
4096, 2896, 2896, 0
4096, 2897, 2897, 0
4096, 2898, 2898, 0
4096, 2899, 2899, 0
4096, 2900, 2900, 0
4096, 2901, 2901, 0
4096, 2902, 2902, 0
4096, 2903, 2903, 0
4096, 2904, 2904, 0
4096, 2905, 2905, 0
4096, 2906, 2906, 0
4096, 2907, 2907, 0
4096, 2908, 2908, 0
4096, 2909, 2909, 0
4096, 2910, 2910, 0
4096, 2911, 2911, 0
4096, 2912, 2912, 0
4096, 2913, 2913, 0
4096, 2914, 2914, 0
4096, 2915, 2915, 0
4096, 2916, 2916, 0
4096, 2917, 2917, 0
4096, 2918, 2918, 0
4096, 2919, 2919, 0
4096, 2920, 2920, 0
4096, 2921, 2921, 0
4096, 2922, 2922, 0
4096, 2923, 2923, 0
4096, 2924, 2924, 0
4096, 2925, 2925, 0
4096, 2926, 2926, 0
4096, 2927, 2927, 0
4096, 2928, 2928, 0
4096, 2929, 2929, 0
4096, 2930, 2930, 0
4096, 2931, 2931, 0
4096, 2932, 2932, 0
4096, 2933, 2933, 0
4096, 2934, 2934, 0
4096, 2935, 2935, 0
4096, 2936, 2936, 0
4096, 2937, 2937, 0
4096, 2938, 2938, 0
4096, 2939, 2939, 0
4096, 2940, 2940, 0
4096, 2941, 2941, 0
4096, 2942, 2942, 0
4096, 2943, 2943, 0
4096, 2944, 2944, 0
4096, 2945, 2945, 0
4096, 2946, 2946, 0
4096, 2947, 2947, 0
4096, 2948, 2948, 0
4096, 2949, 2949, 0
4096, 2950, 2950, 0
4096, 2951, 2951, 0
4096, 2952, 2952, 0
4096, 2953, 2953, 0
4096, 2954, 2954, 0
4096, 2955, 2955, 0
4096, 2956, 2956, 0
4096, 2957, 2957, 0
4096, 2958, 2958, 0
4096, 2959, 2959, 0
4096, 2960, 2960, 0
4096, 2961, 2961, 0
4096, 2962, 2962, 0
4096, 2963, 2963, 0
4096, 2964, 2964, 0
4096, 2965, 2965, 0
4096, 2966, 2966, 0
4096, 2967, 2967, 0
4096, 2968, 2968, 0
4096, 2969, 2969, 0
4096, 2970, 2970, 0
4096, 2971, 2971, 0
4096, 2972, 2972, 0
4096, 2973, 2973, 0
4096, 2974, 2974, 0
4096, 2975, 2975, 0
4096, 2976, 2976, 0
4096, 2977, 2977, 0
4096, 2978, 2978, 0
4096, 2979, 2979, 0
4096, 2980, 2980, 0
4096, 2981, 2981, 0
4096, 2982, 2982, 0
4096, 2983, 2983, 0
4096, 2984, 2984, 0
4096, 2985, 2985, 0
4096, 2986, 2986, 0
4096, 2987, 2987, 0
4096, 2988, 2988, 0
4096, 2989, 2989, 0
4096, 2990, 2990, 0
4096, 2991, 2991, 0
4096, 2992, 2992, 0
4096, 2993, 2993, 0
4096, 2994, 2994, 0
4096, 2995, 2995, 0
4096, 2996, 2996, 0
4096, 2997, 2997, 0
4096, 2998, 2998, 0
4096, 2999, 2999, 0
4096, 3000, 3000, 0
4096, 3001, 3001, 0
4096, 3002, 3002, 0
4096, 3003, 3003, 0
4096, 3004, 3004, 0
4096, 3005, 3005, 0
4096, 3006, 3006, 0
4096, 3007, 3007, 0
4096, 3008, 3008, 0
4096, 3009, 3009, 0
4096, 3010, 3010, 0
4096, 3011, 3011, 0
4096, 3012, 3012, 0
4096, 3013, 3013, 0
4096, 3014, 3014, 0
4096, 3015, 3015, 0
4096, 3016, 3016, 0
4096, 3017, 3017, 0
4096, 3018, 3018, 0
4096, 3019, 3019, 0
4096, 3020, 3020, 0
4096, 3021, 3021, 0
4096, 3022, 3022, 0
4096, 3023, 3023, 0
4096, 3024, 3024, 0
4096, 3025, 3025, 0
4096, 3026, 3026, 0
4096, 3027, 3027, 0
4096, 3028, 3028, 0
4096, 3029, 3029, 0
4096, 3030, 3030, 0
4096, 3031, 3031, 0
4096, 3032, 3032, 0
4096, 3033, 3033, 0
4096, 3034, 3034, 0
4096, 3035, 3035, 0
4096, 3036, 3036, 0
4096, 3037, 3037, 0
4096, 3038, 3038, 0
4096, 3039, 3039, 0
4096, 3040, 3040, 0
4096, 3041, 3041, 0
4096, 3042, 3042, 0
4096, 3043, 3043, 0
4096, 3044, 3044, 0
4096, 3045, 3045, 0
4096, 3046, 3046, 0
4096, 3047, 3047, 0
4096, 3048, 3048, 0
4096, 3049, 3049, 0
4096, 3050, 3050, 0
4096, 3051, 3051, 0
4096, 3052, 3052, 0
4096, 3053, 3053, 0
4096, 3054, 3054, 0
4096, 3055, 3055, 0
4096, 3056, 3056, 0
4096, 3057, 3057, 0
4096, 3058, 3058, 0
4096, 3059, 3059, 0
4096, 3060, 3060, 0
4096, 3061, 3061, 0
4096, 3062, 3062, 0
4096, 3063, 3063, 0
4096, 3064, 3064, 0
4096, 3065, 3065, 0
4096, 3066, 3066, 0
4096, 3067, 3067, 0
4096, 3068, 3068, 0
4096, 3069, 3069, 0
4096, 3070, 3070, 0
4096, 3071, 3071, 0
4096, 3072, 3072, 0
4096, 3073, 3073, 0
4096, 3074, 3074, 0
4096, 3075, 3075, 0
4096, 3076, 3076, 0
4096, 3077, 3077, 0
4096, 3078, 3078, 0
4096, 3079, 3079, 0
4096, 3080, 3080, 0
4096, 3081, 3081, 0
4096, 3082, 3082, 0
4096, 3083, 3083, 0
4096, 3084, 3084, 0
4096, 3085, 3085, 0
4096, 3086, 3086, 0
4096, 3087, 3087, 0
4096, 3088, 3088, 0
4096, 3089, 3089, 0
4096, 3090, 3090, 0
4096, 3091, 3091, 0
4096, 3092, 3092, 0
4096, 3093, 3093, 0
4096, 3094, 3094, 0
4096, 3095, 3095, 0
4096, 3096, 3096, 0
4096, 3097, 3097, 0
4096, 3098, 3098, 0
4096, 3099, 3099, 0
4096, 3100, 3100, 0
4096, 3101, 3101, 0
4096, 3102, 3102, 0
4096, 3103, 3103, 0
4096, 3104, 3104, 0
4096, 3105, 3105, 0
4096, 3106, 3106, 0
4096, 3107, 3107, 0
4096, 3108, 3108, 0
4096, 3109, 3109, 0
4096, 3110, 3110, 0
4096, 3111, 3111, 0
4096, 3112, 3112, 0
4096, 3113, 3113, 0
4096, 3114, 3114, 0
4096, 3115, 3115, 0
4096, 3116, 3116, 0
4096, 3117, 3117, 0
4096, 3118, 3118, 0
4096, 3119, 3119, 0
4096, 3120, 3120, 0
4096, 3121, 3121, 0
4096, 3122, 3122, 0
4096, 3123, 3123, 0
4096, 3124, 3124, 0
4096, 3125, 3125, 0
4096, 3126, 3126, 0
4096, 3127, 3127, 0
4096, 3128, 3128, 0
4096, 3129, 3129, 0
4096, 3130, 3130, 0
4096, 3131, 3131, 0
4096, 3132, 3132, 0
4096, 3133, 3133, 0
4096, 3134, 3134, 0
4096, 3135, 3135, 0
4096, 3136, 3136, 0
4096, 3137, 3137, 0
4096, 3138, 3138, 0
4096, 3139, 3139, 0
4096, 3140, 3140, 0
4096, 3141, 3141, 0
4096, 3142, 3142, 0
4096, 3143, 3143, 0
4096, 3144, 3144, 0
4096, 3145, 3145, 0
4096, 3146, 3146, 0
4096, 3147, 3147, 0
4096, 3148, 3148, 0
4096, 3149, 3149, 0
4096, 3150, 3150, 0
4096, 3151, 3151, 0
4096, 3152, 3152, 0
4096, 3153, 3153, 0
4096, 3154, 3154, 0
4096, 3155, 3155, 0
4096, 3156, 3156, 0
4096, 3157, 3157, 0
4096, 3158, 3158, 0
4096, 3159, 3159, 0
4096, 3160, 3160, 0
4096, 3161, 3161, 0
4096, 3162, 3162, 0
4096, 3163, 3163, 0
4096, 3164, 3164, 0
4096, 3165, 3165, 0
4096, 3166, 3166, 0
4096, 3167, 3167, 0
4096, 3168, 3168, 0
4096, 3169, 3169, 0
4096, 3170, 3170, 0
4096, 3171, 3171, 0
4096, 3172, 3172, 0
4096, 3173, 3173, 0
4096, 3174, 3174, 0
4096, 3175, 3175, 0
4096, 3176, 3176, 0
4096, 3177, 3177, 0
4096, 3178, 3178, 0
4096, 3179, 3179, 0
4096, 3180, 3180, 0
4096, 3181, 3181, 0
4096, 3182, 3182, 0
4096, 3183, 3183, 0
4096, 3184, 3184, 0
4096, 3185, 3185, 0
4096, 3186, 3186, 0
4096, 3187, 3187, 0
4096, 3188, 3188, 0
4096, 3189, 3189, 0
4096, 3190, 3190, 0
4096, 3191, 3191, 0
4096, 3192, 3192, 0
4096, 3193, 3193, 0
4096, 3194, 3194, 0
4096, 3195, 3195, 0
4096, 3196, 3196, 0
4096, 3197, 3197, 0
4096, 3198, 3198, 0
4096, 3199, 3199, 0
4096, 3200, 3200, 0
4096, 3201, 3201, 0
4096, 3202, 3202, 0
4096, 3203, 3203, 0
4096, 3204, 3204, 0
4096, 3205, 3205, 0
4096, 3206, 3206, 0
4096, 3207, 3207, 0
4096, 3208, 3208, 0
4096, 3209, 3209, 0
4096, 3210, 3210, 0
4096, 3211, 3211, 0
4096, 3212, 3212, 0
4096, 3213, 3213, 0
4096, 3214, 3214, 0
4096, 3215, 3215, 0
4096, 3216, 3216, 0
4096, 3217, 3217, 0
4096, 3218, 3218, 0
4096, 3219, 3219, 0
4096, 3220, 3220, 0
4096, 3221, 3221, 0
4096, 3222, 3222, 0
4096, 3223, 3223, 0
4096, 3224, 3224, 0
4096, 3225, 3225, 0
4096, 3226, 3226, 0
4096, 3227, 3227, 0
4096, 3228, 3228, 0
4096, 3229, 3229, 0
4096, 3230, 3230, 0
4096, 3231, 3231, 0
4096, 3232, 3232, 0
4096, 3233, 3233, 0
4096, 3234, 3234, 0
4096, 3235, 3235, 0
4096, 3236, 3236, 0
4096, 3237, 3237, 0
4096, 3238, 3238, 0
4096, 3239, 3239, 0
4096, 3240, 3240, 0
4096, 3241, 3241, 0
4096, 3242, 3242, 0
4096, 3243, 3243, 0
4096, 3244, 3244, 0
4096, 3245, 3245, 0
4096, 3246, 3246, 0
4096, 3247, 3247, 0
4096, 3248, 3248, 0
4096, 3249, 3249, 0
4096, 3250, 3250, 0
4096, 3251, 3251, 0
4096, 3252, 3252, 0
4096, 3253, 3253, 0
4096, 3254, 3254, 0
4096, 3255, 3255, 0
4096, 3256, 3256, 0
4096, 3257, 3257, 0
4096, 3258, 3258, 0
4096, 3259, 3259, 0
4096, 3260, 3260, 0
4096, 3261, 3261, 0
4096, 3262, 3262, 0
4096, 3263, 3263, 0
4096, 3264, 3264, 0
4096, 3265, 3265, 0
4096, 3266, 3266, 0
4096, 3267, 3267, 0
4096, 3268, 3268, 0
4096, 3269, 3269, 0
4096, 3270, 3270, 0
4096, 3271, 3271, 0
4096, 3272, 3272, 0
4096, 3273, 3273, 0
4096, 3274, 3274, 0
4096, 3275, 3275, 0
4096, 3276, 3276, 0
4096, 3277, 3277, 0
4096, 3278, 3278, 0
4096, 3279, 3279, 0
4096, 3280, 3280, 0
4096, 3281, 3281, 0
4096, 3282, 3282, 0
4096, 3283, 3283, 0
4096, 3284, 3284, 0
4096, 3285, 3285, 0
4096, 3286, 3286, 0
4096, 3287, 3287, 0
4096, 3288, 3288, 0
4096, 3289, 3289, 0
4096, 3290, 3290, 0
4096, 3291, 3291, 0
4096, 3292, 3292, 0
4096, 3293, 3293, 0
4096, 3294, 3294, 0
4096, 3295, 3295, 0
4096, 3296, 3296, 0
4096, 3297, 3297, 0
4096, 3298, 3298, 0
4096, 3299, 3299, 0
4096, 3300, 3300, 0
4096, 3301, 3301, 0
4096, 3302, 3302, 0
4096, 3303, 3303, 0
4096, 3304, 3304, 0
4096, 3305, 3305, 0
4096, 3306, 3306, 0
4096, 3307, 3307, 0
4096, 3308, 3308, 0
4096, 3309, 3309, 0
4096, 3310, 3310, 0
4096, 3311, 3311, 0
4096, 3312, 3312, 0
4096, 3313, 3313, 0
4096, 3314, 3314, 0
4096, 3315, 3315, 0
4096, 3316, 3316, 0
4096, 3317, 3317, 0
4096, 3318, 3318, 0
4096, 3319, 3319, 0
4096, 3320, 3320, 0
4096, 3321, 3321, 0
4096, 3322, 3322, 0
4096, 3323, 3323, 0
4096, 3324, 3324, 0
4096, 3325, 3325, 0
4096, 3326, 3326, 0
4096, 3327, 3327, 0
4096, 3328, 3328, 0
4096, 3329, 3329, 0
4096, 3330, 3330, 0
4096, 3331, 3331, 0
4096, 3332, 3332, 0
4096, 3333, 3333, 0
4096, 3334, 3334, 0
4096, 3335, 3335, 0
4096, 3336, 3336, 0
4096, 3337, 3337, 0
4096, 3338, 3338, 0
4096, 3339, 3339, 0
4096, 3340, 3340, 0
4096, 3341, 3341, 0
4096, 3342, 3342, 0
4096, 3343, 3343, 0
4096, 3344, 3344, 0
4096, 3345, 3345, 0
4096, 3346, 3346, 0
4096, 3347, 3347, 0
4096, 3348, 3348, 0
4096, 3349, 3349, 0
4096, 3350, 3350, 0
4096, 3351, 3351, 0
4096, 3352, 3352, 0
4096, 3353, 3353, 0
4096, 3354, 3354, 0
4096, 3355, 3355, 0
4096, 3356, 3356, 0
4096, 3357, 3357, 0
4096, 3358, 3358, 0
4096, 3359, 3359, 0
4096, 3360, 3360, 0
4096, 3361, 3361, 0
4096, 3362, 3362, 0
4096, 3363, 3363, 0
4096, 3364, 3364, 0
4096, 3365, 3365, 0
4096, 3366, 3366, 0
4096, 3367, 3367, 0
4096, 3368, 3368, 0
4096, 3369, 3369, 0
4096, 3370, 3370, 0
4096, 3371, 3371, 0
4096, 3372, 3372, 0
4096, 3373, 3373, 0
4096, 3374, 3374, 0
4096, 3375, 3375, 0
4096, 3376, 3376, 0
4096, 3377, 3377, 0
4096, 3378, 3378, 0
4096, 3379, 3379, 0
4096, 3380, 3380, 0
4096, 3381, 3381, 0
4096, 3382, 3382, 0
4096, 3383, 3383, 0
4096, 3384, 3384, 0
4096, 3385, 3385, 0
4096, 3386, 3386, 0
4096, 3387, 3387, 0
4096, 3388, 3388, 0
4096, 3389, 3389, 0
4096, 3390, 3390, 0
4096, 3391, 3391, 0
4096, 3392, 3392, 0
4096, 3393, 3393, 0
4096, 3394, 3394, 0
4096, 3395, 3395, 0
4096, 3396, 3396, 0
4096, 3397, 3397, 0
4096, 3398, 3398, 0
4096, 3399, 3399, 0
4096, 3400, 3400, 0
4096, 3401, 3401, 0
4096, 3402, 3402, 0
4096, 3403, 3403, 0
4096, 3404, 3404, 0
4096, 3405, 3405, 0
4096, 3406, 3406, 0
4096, 3407, 3407, 0
4096, 3408, 3408, 0
4096, 3409, 3409, 0
4096, 3410, 3410, 0
4096, 3411, 3411, 0
4096, 3412, 3412, 0
4096, 3413, 3413, 0
4096, 3414, 3414, 0
4096, 3415, 3415, 0
4096, 3416, 3416, 0
4096, 3417, 3417, 0
4096, 3418, 3418, 0
4096, 3419, 3419, 0
4096, 3420, 3420, 0
4096, 3421, 3421, 0
4096, 3422, 3422, 0
4096, 3423, 3423, 0
4096, 3424, 3424, 0
4096, 3425, 3425, 0
4096, 3426, 3426, 0
4096, 3427, 3427, 0
4096, 3428, 3428, 0
4096, 3429, 3429, 0
4096, 3430, 3430, 0
4096, 3431, 3431, 0
4096, 3432, 3432, 0
4096, 3433, 3433, 0
4096, 3434, 3434, 0
4096, 3435, 3435, 0
4096, 3436, 3436, 0
4096, 3437, 3437, 0
4096, 3438, 3438, 0
4096, 3439, 3439, 0
4096, 3440, 3440, 0
4096, 3441, 3441, 0
4096, 3442, 3442, 0
4096, 3443, 3443, 0
4096, 3444, 3444, 0
4096, 3445, 3445, 0
4096, 3446, 3446, 0
4096, 3447, 3447, 0
4096, 3448, 3448, 0
4096, 3449, 3449, 0
4096, 3450, 3450, 0
4096, 3451, 3451, 0
4096, 3452, 3452, 0
4096, 3453, 3453, 0
4096, 3454, 3454, 0
4096, 3455, 3455, 0
4096, 3456, 3456, 0
4096, 3457, 3457, 0
4096, 3458, 3458, 0
4096, 3459, 3459, 0
4096, 3460, 3460, 0
4096, 3461, 3461, 0
4096, 3462, 3462, 0
4096, 3463, 3463, 0
4096, 3464, 3464, 0
4096, 3465, 3465, 0
4096, 3466, 3466, 0
4096, 3467, 3467, 0
4096, 3468, 3468, 0
4096, 3469, 3469, 0
4096, 3470, 3470, 0
4096, 3471, 3471, 0
4096, 3472, 3472, 0
4096, 3473, 3473, 0
4096, 3474, 3474, 0
4096, 3475, 3475, 0
4096, 3476, 3476, 0
4096, 3477, 3477, 0
4096, 3478, 3478, 0
4096, 3479, 3479, 0
4096, 3480, 3480, 0
4096, 3481, 3481, 0
4096, 3482, 3482, 0
4096, 3483, 3483, 0
4096, 3484, 3484, 0
4096, 3485, 3485, 0
4096, 3486, 3486, 0
4096, 3487, 3487, 0
4096, 3488, 3488, 0
4096, 3489, 3489, 0
4096, 3490, 3490, 0
4096, 3491, 3491, 0
4096, 3492, 3492, 0
4096, 3493, 3493, 0
4096, 3494, 3494, 0
4096, 3495, 3495, 0
4096, 3496, 3496, 0
4096, 3497, 3497, 0
4096, 3498, 3498, 0
4096, 3499, 3499, 0
4096, 3500, 3500, 0
4096, 3501, 3501, 0
4096, 3502, 3502, 0
4096, 3503, 3503, 0
4096, 3504, 3504, 0
4096, 3505, 3505, 0
4096, 3506, 3506, 0
4096, 3507, 3507, 0
4096, 3508, 3508, 0
4096, 3509, 3509, 0
4096, 3510, 3510, 0
4096, 3511, 3511, 0
4096, 3512, 3512, 0
4096, 3513, 3513, 0
4096, 3514, 3514, 0
4096, 3515, 3515, 0
4096, 3516, 3516, 0
4096, 3517, 3517, 0
4096, 3518, 3518, 0
4096, 3519, 3519, 0
4096, 3520, 3520, 0
4096, 3521, 3521, 0
4096, 3522, 3522, 0
4096, 3523, 3523, 0
4096, 3524, 3524, 0
4096, 3525, 3525, 0
4096, 3526, 3526, 0
4096, 3527, 3527, 0
4096, 3528, 3528, 0
4096, 3529, 3529, 0
4096, 3530, 3530, 0
4096, 3531, 3531, 0
4096, 3532, 3532, 0
4096, 3533, 3533, 0
4096, 3534, 3534, 0
4096, 3535, 3535, 0
4096, 3536, 3536, 0
4096, 3537, 3537, 0
4096, 3538, 3538, 0
4096, 3539, 3539, 0
4096, 3540, 3540, 0
4096, 3541, 3541, 0
4096, 3542, 3542, 0
4096, 3543, 3543, 0
4096, 3544, 3544, 0
4096, 3545, 3545, 0
4096, 3546, 3546, 0
4096, 3547, 3547, 0
4096, 3548, 3548, 0
4096, 3549, 3549, 0
4096, 3550, 3550, 0
4096, 3551, 3551, 0
4096, 3552, 3552, 0
4096, 3553, 3553, 0
4096, 3554, 3554, 0
4096, 3555, 3555, 0
4096, 3556, 3556, 0
4096, 3557, 3557, 0
4096, 3558, 3558, 0
4096, 3559, 3559, 0
4096, 3560, 3560, 0
4096, 3561, 3561, 0
4096, 3562, 3562, 0
4096, 3563, 3563, 0
4096, 3564, 3564, 0
4096, 3565, 3565, 0
4096, 3566, 3566, 0
4096, 3567, 3567, 0
4096, 3568, 3568, 0
4096, 3569, 3569, 0
4096, 3570, 3570, 0
4096, 3571, 3571, 0
4096, 3572, 3572, 0
4096, 3573, 3573, 0
4096, 3574, 3574, 0
4096, 3575, 3575, 0
4096, 3576, 3576, 0
4096, 3577, 3577, 0
4096, 3578, 3578, 0
4096, 3579, 3579, 0
4096, 3580, 3580, 0
4096, 3581, 3581, 0
4096, 3582, 3582, 0
4096, 3583, 3583, 0
4096, 3584, 3584, 0
4096, 3585, 3585, 0
4096, 3586, 3586, 0
4096, 3587, 3587, 0
4096, 3588, 3588, 0
4096, 3589, 3589, 0
4096, 3590, 3590, 0
4096, 3591, 3591, 0
4096, 3592, 3592, 0
4096, 3593, 3593, 0
4096, 3594, 3594, 0
4096, 3595, 3595, 0
4096, 3596, 3596, 0
4096, 3597, 3597, 0
4096, 3598, 3598, 0
4096, 3599, 3599, 0
4096, 3600, 3600, 0
4096, 3601, 3601, 0
4096, 3602, 3602, 0
4096, 3603, 3603, 0
4096, 3604, 3604, 0
4096, 3605, 3605, 0
4096, 3606, 3606, 0
4096, 3607, 3607, 0
4096, 3608, 3608, 0
4096, 3609, 3609, 0
4096, 3610, 3610, 0
4096, 3611, 3611, 0
4096, 3612, 3612, 0
4096, 3613, 3613, 0
4096, 3614, 3614, 0
4096, 3615, 3615, 0
4096, 3616, 3616, 0
4096, 3617, 3617, 0
4096, 3618, 3618, 0
4096, 3619, 3619, 0
4096, 3620, 3620, 0
4096, 3621, 3621, 0
4096, 3622, 3622, 0
4096, 3623, 3623, 0
4096, 3624, 3624, 0
4096, 3625, 3625, 0
4096, 3626, 3626, 0
4096, 3627, 3627, 0
4096, 3628, 3628, 0
4096, 3629, 3629, 0
4096, 3630, 3630, 0
4096, 3631, 3631, 0
4096, 3632, 3632, 0
4096, 3633, 3633, 0
4096, 3634, 3634, 0
4096, 3635, 3635, 0
4096, 3636, 3636, 0
4096, 3637, 3637, 0
4096, 3638, 3638, 0
4096, 3639, 3639, 0
4096, 3640, 3640, 0
4096, 3641, 3641, 0
4096, 3642, 3642, 0
4096, 3643, 3643, 0
4096, 3644, 3644, 0
4096, 3645, 3645, 0
4096, 3646, 3646, 0
4096, 3647, 3647, 0
4096, 3648, 3648, 0
4096, 3649, 3649, 0
4096, 3650, 3650, 0
4096, 3651, 3651, 0
4096, 3652, 3652, 0
4096, 3653, 3653, 0
4096, 3654, 3654, 0
4096, 3655, 3655, 0
4096, 3656, 3656, 0
4096, 3657, 3657, 0
4096, 3658, 3658, 0
4096, 3659, 3659, 0
4096, 3660, 3660, 0
4096, 3661, 3661, 0
4096, 3662, 3662, 0
4096, 3663, 3663, 0
4096, 3664, 3664, 0
4096, 3665, 3665, 0
4096, 3666, 3666, 0
4096, 3667, 3667, 0
4096, 3668, 3668, 0
4096, 3669, 3669, 0
4096, 3670, 3670, 0
4096, 3671, 3671, 0
4096, 3672, 3672, 0
4096, 3673, 3673, 0
4096, 3674, 3674, 0
4096, 3675, 3675, 0
4096, 3676, 3676, 0
4096, 3677, 3677, 0
4096, 3678, 3678, 0
4096, 3679, 3679, 0
4096, 3680, 3680, 0
4096, 3681, 3681, 0
4096, 3682, 3682, 0
4096, 3683, 3683, 0
4096, 3684, 3684, 0
4096, 3685, 3685, 0
4096, 3686, 3686, 0
4096, 3687, 3687, 0
4096, 3688, 3688, 0
4096, 3689, 3689, 0
4096, 3690, 3690, 0
4096, 3691, 3691, 0
4096, 3692, 3692, 0
4096, 3693, 3693, 0
4096, 3694, 3694, 0
4096, 3695, 3695, 0
4096, 3696, 3696, 0
4096, 3697, 3697, 0
4096, 3698, 3698, 0
4096, 3699, 3699, 0
4096, 3700, 3700, 0
4096, 3701, 3701, 0
4096, 3702, 3702, 0
4096, 3703, 3703, 0
4096, 3704, 3704, 0
4096, 3705, 3705, 0
4096, 3706, 3706, 0
4096, 3707, 3707, 0
4096, 3708, 3708, 0
4096, 3709, 3709, 0
4096, 3710, 3710, 0
4096, 3711, 3711, 0
4096, 3712, 3712, 0
4096, 3713, 3713, 0
4096, 3714, 3714, 0
4096, 3715, 3715, 0
4096, 3716, 3716, 0
4096, 3717, 3717, 0
4096, 3718, 3718, 0
4096, 3719, 3719, 0
4096, 3720, 3720, 0
4096, 3721, 3721, 0
4096, 3722, 3722, 0
4096, 3723, 3723, 0
4096, 3724, 3724, 0
4096, 3725, 3725, 0
4096, 3726, 3726, 0
4096, 3727, 3727, 0
4096, 3728, 3728, 0
4096, 3729, 3729, 0
4096, 3730, 3730, 0
4096, 3731, 3731, 0
4096, 3732, 3732, 0
4096, 3733, 3733, 0
4096, 3734, 3734, 0
4096, 3735, 3735, 0
4096, 3736, 3736, 0
4096, 3737, 3737, 0
4096, 3738, 3738, 0
4096, 3739, 3739, 0
4096, 3740, 3740, 0
4096, 3741, 3741, 0
4096, 3742, 3742, 0
4096, 3743, 3743, 0
4096, 3744, 3744, 0
4096, 3745, 3745, 0
4096, 3746, 3746, 0
4096, 3747, 3747, 0
4096, 3748, 3748, 0
4096, 3749, 3749, 0
4096, 3750, 3750, 0
4096, 3751, 3751, 0
4096, 3752, 3752, 0
4096, 3753, 3753, 0
4096, 3754, 3754, 0
4096, 3755, 3755, 0
4096, 3756, 3756, 0
4096, 3757, 3757, 0
4096, 3758, 3758, 0
4096, 3759, 3759, 0
4096, 3760, 3760, 0
4096, 3761, 3761, 0
4096, 3762, 3762, 0
4096, 3763, 3763, 0
4096, 3764, 3764, 0
4096, 3765, 3765, 0
4096, 3766, 3766, 0
4096, 3767, 3767, 0
4096, 3768, 3768, 0
4096, 3769, 3769, 0
4096, 3770, 3770, 0
4096, 3771, 3771, 0
4096, 3772, 3772, 0
4096, 3773, 3773, 0
4096, 3774, 3774, 0
4096, 3775, 3775, 0
4096, 3776, 3776, 0
4096, 3777, 3777, 0
4096, 3778, 3778, 0
4096, 3779, 3779, 0
4096, 3780, 3780, 0
4096, 3781, 3781, 0
4096, 3782, 3782, 0
4096, 3783, 3783, 0
4096, 3784, 3784, 0
4096, 3785, 3785, 0
4096, 3786, 3786, 0
4096, 3787, 3787, 0
4096, 3788, 3788, 0
4096, 3789, 3789, 0
4096, 3790, 3790, 0
4096, 3791, 3791, 0
4096, 3792, 3792, 0
4096, 3793, 3793, 0
4096, 3794, 3794, 0
4096, 3795, 3795, 0
4096, 3796, 3796, 0
4096, 3797, 3797, 0
4096, 3798, 3798, 0
4096, 3799, 3799, 0
4096, 3800, 3800, 0
4096, 3801, 3801, 0
4096, 3802, 3802, 0
4096, 3803, 3803, 0
4096, 3804, 3804, 0
4096, 3805, 3805, 0
4096, 3806, 3806, 0
4096, 3807, 3807, 0
4096, 3808, 3808, 0
4096, 3809, 3809, 0
4096, 3810, 3810, 0
4096, 3811, 3811, 0
4096, 3812, 3812, 0
4096, 3813, 3813, 0
4096, 3814, 3814, 0
4096, 3815, 3815, 0
4096, 3816, 3816, 0
4096, 3817, 3817, 0
4096, 3818, 3818, 0
4096, 3819, 3819, 0
4096, 3820, 3820, 0
4096, 3821, 3821, 0
4096, 3822, 3822, 0
4096, 3823, 3823, 0
4096, 3824, 3824, 0
4096, 3825, 3825, 0
4096, 3826, 3826, 0
4096, 3827, 3827, 0
4096, 3828, 3828, 0
4096, 3829, 3829, 0
4096, 3830, 3830, 0
4096, 3831, 3831, 0
4096, 3832, 3832, 0
4096, 3833, 3833, 0
4096, 3834, 3834, 0
4096, 3835, 3835, 0
4096, 3836, 3836, 0
4096, 3837, 3837, 0
4096, 3838, 3838, 0
4096, 3839, 3839, 0
4096, 3840, 3840, 0
4096, 3841, 3841, 0
4096, 3842, 3842, 0
4096, 3843, 3843, 0
4096, 3844, 3844, 0
4096, 3845, 3845, 0
4096, 3846, 3846, 0
4096, 3847, 3847, 0
4096, 3848, 3848, 0
4096, 3849, 3849, 0
4096, 3850, 3850, 0
4096, 3851, 3851, 0
4096, 3852, 3852, 0
4096, 3853, 3853, 0
4096, 3854, 3854, 0
4096, 3855, 3855, 0
4096, 3856, 3856, 0
4096, 3857, 3857, 0
4096, 3858, 3858, 0
4096, 3859, 3859, 0
4096, 3860, 3860, 0
4096, 3861, 3861, 0
4096, 3862, 3862, 0
4096, 3863, 3863, 0
4096, 3864, 3864, 0
4096, 3865, 3865, 0
4096, 3866, 3866, 0
4096, 3867, 3867, 0
4096, 3868, 3868, 0
4096, 3869, 3869, 0
4096, 3870, 3870, 0
4096, 3871, 3871, 0
4096, 3872, 3872, 0
4096, 3873, 3873, 0
4096, 3874, 3874, 0
4096, 3875, 3875, 0
4096, 3876, 3876, 0
4096, 3877, 3877, 0
4096, 3878, 3878, 0
4096, 3879, 3879, 0
4096, 3880, 3880, 0
4096, 3881, 3881, 0
4096, 3882, 3882, 0
4096, 3883, 3883, 0
4096, 3884, 3884, 0
4096, 3885, 3885, 0
4096, 3886, 3886, 0
4096, 3887, 3887, 0
4096, 3888, 3888, 0
4096, 3889, 3889, 0
4096, 3890, 3890, 0
4096, 3891, 3891, 0
4096, 3892, 3892, 0
4096, 3893, 3893, 0
4096, 3894, 3894, 0
4096, 3895, 3895, 0
4096, 3896, 3896, 0
4096, 3897, 3897, 0
4096, 3898, 3898, 0
4096, 3899, 3899, 0
4096, 3900, 3900, 0
4096, 3901, 3901, 0
4096, 3902, 3902, 0
4096, 3903, 3903, 0
4096, 3904, 3904, 0
4096, 3905, 3905, 0
4096, 3906, 3906, 0
4096, 3907, 3907, 0
4096, 3908, 3908, 0
4096, 3909, 3909, 0
4096, 3910, 3910, 0
4096, 3911, 3911, 0
4096, 3912, 3912, 0
4096, 3913, 3913, 0
4096, 3914, 3914, 0
4096, 3915, 3915, 0
4096, 3916, 3916, 0
4096, 3917, 3917, 0
4096, 3918, 3918, 0
4096, 3919, 3919, 0
4096, 3920, 3920, 0
4096, 3921, 3921, 0
4096, 3922, 3922, 0
4096, 3923, 3923, 0
4096, 3924, 3924, 0
4096, 3925, 3925, 0
4096, 3926, 3926, 0
4096, 3927, 3927, 0
4096, 3928, 3928, 0
4096, 3929, 3929, 0
4096, 3930, 3930, 0
4096, 3931, 3931, 0
4096, 3932, 3932, 0
4096, 3933, 3933, 0
4096, 3934, 3934, 0
4096, 3935, 3935, 0
4096, 3936, 3936, 0
4096, 3937, 3937, 0
4096, 3938, 3938, 0
4096, 3939, 3939, 0
4096, 3940, 3940, 0
4096, 3941, 3941, 0
4096, 3942, 3942, 0
4096, 3943, 3943, 0
4096, 3944, 3944, 0
4096, 3945, 3945, 0
4096, 3946, 3946, 0
4096, 3947, 3947, 0
4096, 3948, 3948, 0
4096, 3949, 3949, 0
4096, 3950, 3950, 0
4096, 3951, 3951, 0
4096, 3952, 3952, 0
4096, 3953, 3953, 0
4096, 3954, 3954, 0
4096, 3955, 3955, 0
4096, 3956, 3956, 0
4096, 3957, 3957, 0
4096, 3958, 3958, 0
4096, 3959, 3959, 0
4096, 3960, 3960, 0
4096, 3961, 3961, 0
4096, 3962, 3962, 0
4096, 3963, 3963, 0
4096, 3964, 3964, 0
4096, 3965, 3965, 0
4096, 3966, 3966, 0
4096, 3967, 3967, 0
4096, 3968, 3968, 0
4096, 3969, 3969, 0
4096, 3970, 3970, 0
4096, 3971, 3971, 0
4096, 3972, 3972, 0
4096, 3973, 3973, 0
4096, 3974, 3974, 0
4096, 3975, 3975, 0
4096, 3976, 3976, 0
4096, 3977, 3977, 0
4096, 3978, 3978, 0
4096, 3979, 3979, 0
4096, 3980, 3980, 0
4096, 3981, 3981, 0
4096, 3982, 3982, 0
4096, 3983, 3983, 0
4096, 3984, 3984, 0
4096, 3985, 3985, 0
4096, 3986, 3986, 0
4096, 3987, 3987, 0
4096, 3988, 3988, 0
4096, 3989, 3989, 0
4096, 3990, 3990, 0
4096, 3991, 3991, 0
4096, 3992, 3992, 0
4096, 3993, 3993, 0
4096, 3994, 3994, 0
4096, 3995, 3995, 0
4096, 3996, 3996, 0
4096, 3997, 3997, 0
4096, 3998, 3998, 0
4096, 3999, 3999, 0
4096, 4000, 4000, 0
4096, 4001, 4001, 0
4096, 4002, 4002, 0
4096, 4003, 4003, 0
4096, 4004, 4004, 0
4096, 4005, 4005, 0
4096, 4006, 4006, 0
4096, 4007, 4007, 0
4096, 4008, 4008, 0
4096, 4009, 4009, 0
4096, 4010, 4010, 0
4096, 4011, 4011, 0
4096, 4012, 4012, 0
4096, 4013, 4013, 0
4096, 4014, 4014, 0
4096, 4015, 4015, 0
4096, 4016, 4016, 0
4096, 4017, 4017, 0
4096, 4018, 4018, 0
4096, 4019, 4019, 0
4096, 4020, 4020, 0
4096, 4021, 4021, 0
4096, 4022, 4022, 0
4096, 4023, 4023, 0
4096, 4024, 4024, 0
4096, 4025, 4025, 0
4096, 4026, 4026, 0
4096, 4027, 4027, 0
4096, 4028, 4028, 0
4096, 4029, 4029, 0
4096, 4030, 4030, 0
4096, 4031, 4031, 0
4096, 4032, 4032, 0
4096, 4033, 4033, 0
4096, 4034, 4034, 0
4096, 4035, 4035, 0
4096, 4036, 4036, 0
4096, 4037, 4037, 0
4096, 4038, 4038, 0
4096, 4039, 4039, 0
4096, 4040, 4040, 0
4096, 4041, 4041, 0
4096, 4042, 4042, 0
4096, 4043, 4043, 0
4096, 4044, 4044, 0
4096, 4045, 4045, 0
4096, 4046, 4046, 0
4096, 4047, 4047, 0
4096, 4048, 4048, 0
4096, 4049, 4049, 0
4096, 4050, 4050, 0
4096, 4051, 4051, 0
4096, 4052, 4052, 0
4096, 4053, 4053, 0
4096, 4054, 4054, 0
4096, 4055, 4055, 0
4096, 4056, 4056, 0
4096, 4057, 4057, 0
4096, 4058, 4058, 0
4096, 4059, 4059, 0
4096, 4060, 4060, 0
4096, 4061, 4061, 0
4096, 4062, 4062, 0
4096, 4063, 4063, 0
4096, 4064, 4064, 0
4096, 4065, 4065, 0
4096, 4066, 4066, 0
4096, 4067, 4067, 0
4096, 4068, 4068, 0
4096, 4069, 4069, 0
4096, 4070, 4070, 0
4096, 4071, 4071, 0
4096, 4072, 4072, 0
4096, 4073, 4073, 0
4096, 4074, 4074, 0
4096, 4075, 4075, 0
4096, 4076, 4076, 0
4096, 4077, 4077, 0
4096, 4078, 4078, 0
4096, 4079, 4079, 0
4096, 4080, 4080, 0
4096, 4081, 4081, 0
4096, 4082, 4082, 0
4096, 4083, 4083, 0
4096, 4084, 4084, 0
4096, 4085, 4085, 0
4096, 4086, 4086, 0
4096, 4087, 4087, 0
4096, 4088, 4088, 0
4096, 4089, 4089, 0
4096, 4090, 4090, 0
4096, 4091, 4091, 0
4096, 4092, 4092, 0
4096, 4093, 4093, 0
4096, 4094, 4094, 0
4096, 4095, 4095, 0
